arm,id,database,verdict,flags,tier,question,gold_query,pred_query,note
baseline,spider-car_1-29,car_1,UNREVIEWED_CANDIDATE,NO_SORT_IN_PRED,exact,What is the maximum accelerate for different number of cylinders?,"db.cars_data.aggregate([{""$group"": {""_id"": ""$Cylinders"", ""max_accelerate"": {""$max"": ""$Accelerate""}}}, {""$sort"": {""_id"": 1}}])","db.cars_data.aggregate([{'$group': {'_id': '$Cylinders', 'max_accelerate': {'$max': '$Accelerate'}}}])",
baseline,spider-network_1-18,network_1,UNREVIEWED_CANDIDATE,NO_SORT_IN_PRED,exact,Show all the grades of the high schoolers.,"db.Highschooler.find({}, {""_id"": 0, ""grade"": 1}).sort({""grade"": 1})","db.Highschooler.find({}, {'grade': 1, '_id': 0})",
baseline,car-m3,car_1,UNREVIEWED_CANDIDATE,KEY_TOLERANT|SINGLE_ROW,key-tolerant,What is the average weight of all cars?,"db.cars_data.aggregate([{""$group"": {""_id"": None, ""avg_weight"": {""$avg"": ""$Weight""}}}, {""$project"": {""_id"": 0}}])","db.cars_data.aggregate([{'$group': {'_id': None, 'avg_weight': {'$avg': '$Weight'}}}])",
baseline,spider-store_1-26,store_1,CONFIRMED_FP,SORT_SPEC_DIFFERS,exact,List top 10 employee work longest in the company. List employee's first and last name.,"db.employees.find({}, {""_id"": 0, ""first_name"": 1, ""last_name"": 1}).sort({""hire_date"": 1}).limit(10)","db.employees.aggregate([{'$sort': {'hire_date': -1}}, {'$limit': 10}, {'$project': {'first_name': 1, 'last_name': 1, '_id': 0}}])","Same reversed ranking as the RAG arm's, expressed as an aggregate pipeline: $sort hire_date -1 where gold sorts ascending."
baseline,spider-store_1-25,store_1,CONFIRMED_FP,SINGLE_ROW|SORT_SPEC_DIFFERS,exact,Who is the youngest employee in the company? List employee's first and last name.,"db.employees.find({}, {""_id"": 0, ""first_name"": 1, ""last_name"": 1}).sort({""birth_date"": -1}).limit(1)","db.employees.find({}, {'first_name': 1, 'last_name': 1, '_id': 0}).sort('hire_date', 1).limit(1)",Same defect as the fine-tuned arm's: sorts hire_date ascending instead of birth_date descending for 'youngest employee'.
baseline,spider-car_1-105,car_1,UNREVIEWED_CANDIDATE,KEY_TOLERANT|NO_SORT_IN_PRED,key-tolerant,What is the maximum accelerate for all the different cylinders?,"db.cars_data.aggregate([{""$group"": {""_id"": ""$Cylinders"", ""max_accelerate"": {""$max"": ""$Accelerate""}}}, {""$project"": {""_id"": 0, ""Cylinders"": ""$_id"", ""max_accelerate"": 1}}, {""$sort"": {""Cylinders"": 1}}])","db.cars_data.aggregate([{'$group': {'_id': '$Cylinders', 'max_accelerate': {'$max': '$Accelerate'}}}])",
baseline,spider-bike_1-61,bike_1,UNREVIEWED_CANDIDATE,KEY_TOLERANT,key-tolerant,"For each zip code, what is the average mean temperature for all dates that start with '8'?","db.weather.aggregate([{""$match"": {""date"": {""$regex"": ""^8/""}}}, {""$group"": {""_id"": ""$zip_code"", ""avg_temp"": {""$avg"": ""$mean_temperature_f""}}}, {""$project"": {""_id"": 0, ""zip_code"": ""$_id"", ""avg_temp"": 1}}])","db.weather.aggregate([{'$match': {'date': {'$regex': '^8'}}}, {'$group': {'_id': '$zip_code', 'avg_mean_temp': {'$avg': '$mean_temperature_f'}}}])",
baseline,spider-sakila_1-28,sakila_1,UNREVIEWED_CANDIDATE,KEY_TOLERANT|SINGLE_ROW,key-tolerant,What is the total amount of all payments?,"db.payment.aggregate([{""$group"": {""_id"": None, ""total_amount"": {""$sum"": ""$amount""}}}, {""$project"": {""_id"": 0, ""total_amount"": 1}}])","db.payment.aggregate([{'$group': {'_id': None, 'total': {'$sum': '$amount'}}}])",
baseline,spider-formula_1-37,formula_1,FALSE_NEGATIVE_CANDIDATE,SET_EQ_DUPES_DIFFER,no-match,List the names of all distinct races in reversed  lexicographic order?,"db.races.aggregate([{""$group"": {""_id"": ""$name""}}, {""$project"": {""_id"": 0, ""name"": ""$_id""}}, {""$sort"": {""name"": -1}}])","db.races.find({}, {'name': 1, '_id': 0}).sort('name', -1)","SET_EQ_DUPES_DIFFER: same distinct rows, different duplicate counts"
baseline,spider-bike_1-99,bike_1,FALSE_NEGATIVE_CANDIDATE,SET_EQ_DUPES_DIFFER,no-match,What are all the different zip codes that have a maximum dew point that was always below 70?,"db.weather.aggregate([{""$match"": {""max_dew_point_f"": {""$type"": ""number""}}}, {""$group"": {""_id"": ""$zip_code"", ""max_dp"": {""$max"": ""$max_dew_point_f""}}}, {""$match"": {""max_dp"": {""$lt"": 70}}}, {""$project"": {""_id"": 0, ""zip_code"": ""$_id""}}])","db.weather.find({'max_dew_point_f': {'$lt': 70}}, {'zip_code': 1, '_id': 0})","SET_EQ_DUPES_DIFFER: same distinct rows, different duplicate counts"
rag,spider-car_1-39,car_1,UNREVIEWED_CANDIDATE,SINGLE_ROW,exact,What is the average horsepower of the cars before 1980?,"db.cars_data.aggregate([{""$match"": {""Year"": {""$lt"": 1980}, ""Horsepower"": {""$ne"": ""null""}}}, {""$group"": {""_id"": None, ""avg_horsepower"": {""$avg"": {""$toInt"": ""$Horsepower""}}}}, {""$project"": {""_id"": 0}}])","db.cars_data.aggregate([{'$match': {'Year': {'$lt': 1980}, 'Horsepower': {'$ne': 'null'}}}, {'$addFields': {'HorsepowerNum': {'$toInt': '$Horsepower'}}}, {'$group': {'_id': None, 'avg_horsepower': {'$avg': '$HorsepowerNum'}}}, {'$project': {'_id': 0, 'avg_horsepower': 1}}])",
rag,spider-dog_kennels-39,dog_kennels,UNREVIEWED_CANDIDATE,KEY_TOLERANT|SINGLE_ROW,key-tolerant,How much does the most expensive charge type costs?,"db.Charges.aggregate([{""$group"": {""_id"": None, ""max_charge_amount"": {""$max"": ""$charge_amount""}}}, {""$project"": {""_id"": 0, ""max_charge_amount"": 1}}])","db.Charges.aggregate([{'$group': {'_id': None, 'max_charge': {'$max': '$charge_amount'}}}, {'$project': {'_id': 0, 'max_charge': 1}}])",
rag,dk-e1,dog_kennels,UNREVIEWED_CANDIDATE,KEY_TOLERANT|SINGLE_ROW,key-tolerant,What is the average age of all the dogs?,"db.Dogs.aggregate([{""$addFields"": {""age_num"": {""$toInt"": ""$age""}}}, {""$group"": {""_id"": None, ""avg_age"": {""$avg"": ""$age_num""}}}])","db.Dogs.aggregate([{'$addFields': {'age_num': {'$toInt': '$age'}}}, {'$group': {'_id': None, 'avg_age': {'$avg': '$age_num'}}}, {'$project': {'_id': 0, 'avg_age': 1}}])",
rag,spider-dog_kennels-26,dog_kennels,UNREVIEWED_CANDIDATE,NO_SORT_IN_PRED,exact,What are the arriving date and the departing date of all the dogs?,"db.Dogs.aggregate([{""$sort"": {""dog_id"": 1}}, {""$project"": {""_id"": 0, ""date_arrived"": 1, ""date_departed"": 1}}])","db.Dogs.aggregate([{'$project': {'_id': 0, 'date_arrived': 1, 'date_departed': 1}}])",
rag,spider-world_1-2,world_1,UNREVIEWED_CANDIDATE,SINGLE_ROW|SORT_SPEC_DIFFERS,exact,Which continent has the most diverse languages?,"db.countrylanguage.aggregate([{""$lookup"": {""from"": ""country"", ""localField"": ""CountryCode"", ""foreignField"": ""Code"", ""as"": ""c""}}, {""$unwind"": ""$c""}, {""$group"": {""_id"": ""$c.Continent"", ""count"": {""$sum"": 1}}}, {""$sort"": {""count"": -1}}, {""$limit"": 1}, {""$project"": {""_id"": 0, ""Continent"": ""$_id""}}])","db.countrylanguage.aggregate([{'$lookup': {'from': 'country', 'localField': 'CountryCode', 'foreignField': 'Code', 'as': 'c'}}, {'$unwind': '$c'}, {'$group': {'_id': '$c.Continent', 'lang_count': {'$sum': 1}}}, {'$sort': {'lang_count': -1}}, {'$limit': 1}, {'$project': {'_id': 0, 'Continent': '$_id'}}])",
rag,spider-world_1-23,world_1,UNREVIEWED_CANDIDATE,NO_SORT_IN_PRED,exact,What is the official language spoken in the country whose head of state is Beatrix?,"db.country.aggregate([{""$match"": {""HeadOfState"": ""Beatrix""}}, {""$lookup"": {""from"": ""countrylanguage"", ""localField"": ""Code"", ""foreignField"": ""CountryCode"", ""as"": ""langs""}}, {""$unwind"": ""$langs""}, {""$match"": {""langs.IsOfficial"": ""T""}}, {""$project"": {""_id"": 0, ""Language"": ""$langs.Language""}}, {""$sort"": {""Language"": 1}}])","db.country.aggregate([{'$match': {'HeadOfState': 'Beatrix'}}, {'$lookup': {'from': 'countrylanguage', 'localField': 'Code', 'foreignField': 'CountryCode', 'as': 'langs'}}, {'$unwind': '$langs'}, {'$match': {'langs.IsOfficial': 'T'}}, {'$project': {'_id': 0, 'Language': '$langs.Language'}}])",
rag,cs-m2,concert_singer,UNREVIEWED_CANDIDATE,SINGLE_ROW,exact,What is the total capacity of all stadiums combined?,"db.stadium.aggregate([{""$group"": {""_id"": None, ""total_capacity"": {""$sum"": ""$Capacity""}}}, {""$project"": {""_id"": 0}}])","db.stadium.aggregate([{'$group': {'_id': None, 'total_capacity': {'$sum': '$Capacity'}}}, {'$project': {'_id': 0, 'total_capacity': 1}}])",
rag,cs-m8,concert_singer,UNREVIEWED_CANDIDATE,KEY_TOLERANT|SINGLE_ROW,key-tolerant,What is the average stadium capacity?,"db.stadium.aggregate([{""$group"": {""_id"": None, ""avg_capacity"": {""$avg"": ""$Capacity""}}}, {""$project"": {""_id"": 0}}])","db.stadium.aggregate([{'$group': {'_id': None, 'average_capacity': {'$avg': '$Capacity'}}}, {'$project': {'_id': 0}}])",
rag,spider-car_1-29,car_1,UNREVIEWED_CANDIDATE,NO_SORT_IN_PRED,exact,What is the maximum accelerate for different number of cylinders?,"db.cars_data.aggregate([{""$group"": {""_id"": ""$Cylinders"", ""max_accelerate"": {""$max"": ""$Accelerate""}}}, {""$sort"": {""_id"": 1}}])","db.cars_data.aggregate([{'$group': {'_id': '$Cylinders', 'max_accelerate': {'$max': '$Accelerate'}}}, {'$project': {'Cylinders': 1, 'max_accelerate': 1}}])",
rag,6,pets_1,UNREVIEWED_CANDIDATE,SINGLE_ROW|NO_SORT_IN_PRED,exact,"Find pet types that have more than one pet, with their counts.","db.Pets.aggregate([{""$group"": {""_id"": ""$PetType"", ""count"": {""$sum"": 1}}}, {""$match"": {""count"": {""$gt"": 1}}}, {""$sort"": {""count"": -1, ""_id"": 1}}])","db.Pets.aggregate([{'$group': {'_id': '$PetType', 'count': {'$sum': 1}}}, {'$match': {'count': {'$gt': 1}}}, {'$project': {'_id': 1, 'count': 1}}])",
rag,spider-concert_singer-17,concert_singer,UNREVIEWED_CANDIDATE,KEY_TOLERANT|SINGLE_ROW,key-tolerant,What is the average and maximum capacities for all stadiums ?,"db.stadium.aggregate([{""$group"": {""_id"": None, ""avg_capacity"": {""$avg"": ""$Capacity""}, ""max_capacity"": {""$max"": ""$Capacity""}}}, {""$project"": {""_id"": 0}}])","db.stadium.aggregate([{'$group': {'_id': None, 'average': {'$avg': '$Capacity'}, 'max_capacity': {'$max': '$Capacity'}}}, {'$project': {'_id': 0}}])",
rag,spider-dog_kennels-41,dog_kennels,UNREVIEWED_CANDIDATE,NO_SORT_IN_PRED,exact,What are all the possible breed type and size type combinations?,"db.Dogs.aggregate([{""$group"": {""_id"": {""breed_code"": ""$breed_code"", ""size_code"": ""$size_code""}}}, {""$project"": {""_id"": 0, ""breed_code"": ""$_id.breed_code"", ""size_code"": ""$_id.size_code""}}, {""$sort"": {""breed_code"": 1, ""size_code"": 1}}])","db.Dogs.aggregate([{'$group': {'_id': {'breed_code': '$breed_code', 'size_code': '$size_code'}}}, {'$project': {'_id': 0, 'breed_code': '$_id.breed_code', 'size_code': '$_id.size_code'}}])",
rag,3,pets_1,UNREVIEWED_CANDIDATE,SINGLE_ROW,exact,Find the maximum weight of all pets.,"db.Pets.aggregate([{""$group"": {""_id"": None, ""max_weight"": {""$max"": ""$weight""}}}, {""$project"": {""_id"": 0, ""max_weight"": 1}}])","db.Pets.aggregate([{'$group': {'_id': None, 'max_weight': {'$max': '$weight'}}}, {'$project': {'_id': 0}}])",
rag,dk-e5,dog_kennels,UNREVIEWED_CANDIDATE,KEY_TOLERANT|SINGLE_ROW,key-tolerant,What is the most expensive charge amount?,"db.Charges.aggregate([{""$group"": {""_id"": None, ""max_charge"": {""$max"": ""$charge_amount""}}}])","db.Charges.aggregate([{'$group': {'_id': None, 'max_charge': {'$max': '$charge_amount'}}}, {'$project': {'_id': 0, 'max_charge': 1}}])",
rag,spider-car_1-37,car_1,UNREVIEWED_CANDIDATE,NO_SORT_IN_PRED,exact,What are all the makers and models?,"db.model_list.json.find({}, {""_id"": 0, ""Maker"": 1, ""Model"": 1}).sort({""Maker"": 1, ""Model"": 1})","db.model_list.json.find({}, {'_id': 0, 'Maker': 1, 'Model': 1})",
rag,spider-world_1-62,world_1,UNREVIEWED_CANDIDATE,KEY_TOLERANT|SINGLE_ROW,key-tolerant,What is the total population and average area of countries in the continent of North America whose area is bigger than 3000 ?,"db.country.aggregate([{""$match"": {""Continent"": ""North America"", ""SurfaceArea"": {""$gt"": 3000}}}, {""$group"": {""_id"": None, ""total_population"": {""$sum"": ""$Population""}, ""avg_surface_area"": {""$avg"": ""$SurfaceArea""}}}, {""$project"": {""_id"": 0, ""total_population"": 1, ""avg_surface_area"": 1}}])","db.country.aggregate([{'$match': {'Continent': 'North America', 'SurfaceArea': {'$gt': 3000}}}, {'$group': {'_id': None, 'total_population': {'$sum': '$Population'}, 'avg_surface_area': {'$avg': '$SurfaceArea'}}}])",
rag,cs-m5,concert_singer,REVIEWED_OK,KEY_TOLERANT|SINGLE_ROW|LIMIT_MISMATCH,key-tolerant,What is the age of the youngest singer?,"db.singer.aggregate([{""$group"": {""_id"": None, ""min_age"": {""$min"": ""$Age""}}}, {""$project"": {""_id"": 0}}])","db.singer.find({}, {'_id': 0, 'Age': 1}).sort({'Age': 1}).limit(1)","find().sort(Age,1).limit(1) is equivalent to $min over Age."
rag,spider-store_1-29,store_1,UNREVIEWED_CANDIDATE,KEY_TOLERANT|SINGLE_ROW,key-tolerant,What is the total amount of money spent by Lucas Mancini?,"db.customers.aggregate([{""$match"": {""first_name"": ""Lucas"", ""last_name"": ""Mancini""}}, {""$lookup"": {""from"": ""invoices"", ""localField"": ""id"", ""foreignField"": ""customer_id"", ""as"": ""invs""}}, {""$project"": {""_id"": 0, ""total_spent"": {""$sum"": ""$invs.total""}}}])","db.customers.aggregate([{'$match': {'first_name': 'Lucas', 'last_name': 'Mancini'}}, {'$lookup': {'from': 'invoices', 'localField': 'id', 'foreignField': 'customer_id', 'as': 'inv'}}, {'$unwind': '$inv'}, {'$group': {'_id': None, 'total': {'$sum': '$inv.total'}}}, {'$project': {'_id': 0, 'total': 1}}])",
rag,spider-college_2-59,college_2,REVIEWED_OK,SINGLE_ROW|DIFF_COLLECTIONS,exact,What is the title of the prerequisite class of International Finance course?,"db.prereq.aggregate([{""$lookup"": {""from"": ""course"", ""localField"": ""course_id"", ""foreignField"": ""course_id"", ""as"": ""c""}}, {""$unwind"": ""$c""}, {""$match"": {""c.title"": ""International Finance""}}, {""$lookup"": {""from"": ""course"", ""localField"": ""prereq_id"", ""foreignField"": ""course_id"", ""as"": ""pc""}}, {""$unwind"": ""$pc""}, {""$project"": {""_id"": 0, ""title"": ""$pc.title""}}])","db.course.aggregate([{'$match': {'title': 'International Finance'}}, {'$lookup': {'from': 'prereq', 'localField': 'course_id', 'foreignField': 'course_id', 'as': 'p'}}, {'$unwind': '$p'}, {'$lookup': {'from': 'course', 'localField': 'p.prereq_id', 'foreignField': 'course_id', 'as': 'pc'}}, {'$unwind': '$pc'}, {'$project': {'_id': 0, 'title': '$pc.title'}}])",Reversed $lookup join direction; same result set.
rag,spider-college_1-82,college_1,UNREVIEWED_CANDIDATE,KEY_TOLERANT|SINGLE_ROW,key-tolerant,What is the first name of the student whose last name starting with the letter S and is taking ACCT-211 class?,"db.STUDENT.aggregate([{""$match"": {""STU_LNAME"": {""$regex"": ""^S""}}}, {""$lookup"": {""from"": ""ENROLL"", ""localField"": ""STU_NUM"", ""foreignField"": ""STU_NUM"", ""as"": ""enroll""}}, {""$unwind"": ""$enroll""}, {""$lookup"": {""from"": ""CLASS"", ""localField"": ""enroll.CLASS_CODE"", ""foreignField"": ""CLASS_CODE"", ""as"": ""class""}}, {""$unwind"": ""$class""}, {""$match"": {""class.CRS_CODE"": ""ACCT-211""}}, {""$project"": {""_id"": 0, ""stu_fname"": ""$STU_FNAME""}}])","db.STUDENT.aggregate([{'$match': {'STU_LNAME': {'$regex': '^S'}}}, {'$lookup': {'from': 'ENROLL', 'localField': 'STU_NUM', 'foreignField': 'STU_NUM', 'as': 'e'}}, {'$unwind': '$e'}, {'$lookup': {'from': 'CLASS', 'localField': 'e.CLASS_CODE', 'foreignField': 'CLASS_CODE', 'as': 'cl'}}, {'$unwind': '$cl'}, {'$match': {'cl.CRS_CODE': 'ACCT-211'}}, {'$project': {'_id': 0, 'STU_FNAME': 1}}])",
rag,spider-store_1-49,store_1,REVIEWED_OK,DIFF_COLLECTIONS,exact,List the name of tracks belongs to genre Rock or genre Jazz.,"db.genres.aggregate([{""$match"": {""name"": {""$in"": [""Rock"", ""Jazz""]}}}, {""$lookup"": {""from"": ""tracks"", ""localField"": ""id"", ""foreignField"": ""genre_id"", ""as"": ""tracks""}}, {""$unwind"": ""$tracks""}, {""$project"": {""_id"": 0, ""name"": ""$tracks.name""}}])","db.tracks.aggregate([{'$lookup': {'from': 'genres', 'localField': 'genre_id', 'foreignField': 'id', 'as': 'genre'}}, {'$unwind': '$genre'}, {'$match': {'$or': [{'genre.name': 'Rock'}, {'genre.name': 'Jazz'}]}}, {'$project': {'_id': 0, 'name': 1}}])",Joins tracks->genres instead of genres->tracks; equivalent.
rag,spider-bike_1-4,bike_1,UNREVIEWED_CANDIDATE,SINGLE_ROW,exact,Give me the zip code where the average mean humidity is below 70 and at least 100 trips took place.,"db.weather.aggregate([{""$group"": {""_id"": ""$zip_code"", ""avg_humidity"": {""$avg"": ""$mean_humidity""}}}, {""$match"": {""avg_humidity"": {""$lt"": 70}}}, {""$lookup"": {""from"": ""trip"", ""let"": {""zip"": ""$_id""}, ""pipeline"": [{""$match"": {""$expr"": {""$eq"": [""$zip_code"", ""$$zip""]}}}, {""$count"": ""cnt""}], ""as"": ""trip_stats""}}, {""$unwind"": ""$trip_stats""}, {""$match"": {""trip_stats.cnt"": {""$gte"": 100}}}, {""$project"": {""_id"": 0, ""zip_code"": ""$_id""}}])","db.weather.aggregate([{'$group': {'_id': '$zip_code', 'avg_hum': {'$avg': '$mean_humidity'}}}, {'$match': {'avg_hum': {'$lt': 70}}}, {'$lookup': {'from': 'trip', 'localField': '_id', 'foreignField': 'zip_code', 'as': 't'}}, {'$match': {'$expr': {'$gte': [{'$size': '$t'}, 100]}}}, {'$project': {'_id': 0, 'zip_code': '$_id'}}])",
rag,spider-store_1-26,store_1,CONFIRMED_FP,SORT_SPEC_DIFFERS,exact,List top 10 employee work longest in the company. List employee's first and last name.,"db.employees.find({}, {""_id"": 0, ""first_name"": 1, ""last_name"": 1}).sort({""hire_date"": 1}).limit(10)","db.employees.find({}, {'_id': 0, 'first_name': 1, 'last_name': 1}).sort({'hire_date': -1}).limit(10)","Sorts hire_date DESCENDING where gold sorts ascending -- the reverse ranking for 'worked longest'. Passes only because the collection holds no more than 10 employees, so top-10 is every employee either way."
rag,spider-dog_kennels-42,dog_kennels,UNREVIEWED_CANDIDATE,SINGLE_ROW|SORT_SPEC_DIFFERS,exact,Which breed do the most dogs have? Give me the breed name.,"db.Dogs.aggregate([{""$group"": {""_id"": ""$breed_code"", ""count"": {""$sum"": 1}}}, {""$sort"": {""count"": -1}}, {""$limit"": 1}, {""$lookup"": {""from"": ""Breeds"", ""localField"": ""_id"", ""foreignField"": ""breed_code"", ""as"": ""b""}}, {""$unwind"": ""$b""}, {""$project"": {""_id"": 0, ""breed_name"": ""$b.breed_name""}}])","db.Dogs.aggregate([{'$group': {'_id': '$breed_code', 'dog_count': {'$sum': 1}}}, {'$sort': {'dog_count': -1}}, {'$limit': 1}, {'$lookup': {'from': 'Breeds', 'localField': '_id', 'foreignField': 'breed_code', 'as': 'b'}}, {'$unwind': '$b'}, {'$project': {'_id': 0, 'breed_name': '$b.breed_name'}}])",
rag,spider-college_1-39,college_1,REVIEWED_OK,DIFF_COLLECTIONS,exact,Find the total credits of all classes offered by each department.,"db.COURSE.aggregate([{""$lookup"": {""from"": ""CLASS"", ""localField"": ""CRS_CODE"", ""foreignField"": ""CRS_CODE"", ""as"": ""classes""}}, {""$unwind"": ""$classes""}, {""$group"": {""_id"": ""$DEPT_CODE"", ""total_credit"": {""$sum"": ""$CRS_CREDIT""}}}, {""$project"": {""_id"": 0, ""dept_code"": ""$_id"", ""total_credit"": 1}}])","db.CLASS.aggregate([{'$lookup': {'from': 'COURSE', 'localField': 'CRS_CODE', 'foreignField': 'CRS_CODE', 'as': 'course'}}, {'$unwind': '$course'}, {'$group': {'_id': '$course.DEPT_CODE', 'total_credit': {'$sum': '$course.CRS_CREDIT'}}}, {'$project': {'_id': 0, 'total_credit': 1, 'dept_code': '$_id'}}])",Groups on the joined side; arithmetically equivalent.
rag,spider-college_1-80,college_1,UNREVIEWED_CANDIDATE,KEY_TOLERANT|SINGLE_ROW,key-tolerant,Find the first name and office of history professor who did not get a Ph.D. degree.,"db.PROFESSOR.aggregate([{""$match"": {""PROF_HIGH_DEGREE"": {""$ne"": ""Ph.D.""}}}, {""$lookup"": {""from"": ""EMPLOYEE"", ""localField"": ""EMP_NUM"", ""foreignField"": ""EMP_NUM"", ""as"": ""emp""}}, {""$unwind"": ""$emp""}, {""$lookup"": {""from"": ""DEPARTMENT"", ""localField"": ""DEPT_CODE"", ""foreignField"": ""DEPT_CODE"", ""as"": ""dept""}}, {""$unwind"": ""$dept""}, {""$match"": {""dept.DEPT_NAME"": ""History""}}, {""$project"": {""_id"": 0, ""emp_fname"": ""$emp.EMP_FNAME"", ""prof_office"": ""$PROF_OFFICE""}}])","db.PROFESSOR.aggregate([{'$lookup': {'from': 'EMPLOYEE', 'localField': 'EMP_NUM', 'foreignField': 'EMP_NUM', 'as': 'e'}}, {'$unwind': '$e'}, {'$lookup': {'from': 'DEPARTMENT', 'localField': 'DEPT_CODE', 'foreignField': 'DEPT_CODE', 'as': 'd'}}, {'$unwind': '$d'}, {'$match': {'d.DEPT_NAME': 'History', 'PROF_HIGH_DEGREE': {'$ne': 'Ph.D.'}}}, {'$project': {'_id': 0, 'EMP_FNAME': '$e.EMP_FNAME', 'PROF_OFFICE': '$PROF_OFFICE'}}])",
rag,spider-college_1-6,college_1,REVIEWED_OK,KEY_TOLERANT|SINGLE_ROW|DIFF_COLLECTIONS|SORT_SPEC_DIFFERS,key-tolerant,What is the name of the department that has the largest number of students enrolled?,"db.ENROLL.aggregate([{""$lookup"": {""from"": ""CLASS"", ""localField"": ""CLASS_CODE"", ""foreignField"": ""CLASS_CODE"", ""as"": ""class""}}, {""$unwind"": ""$class""}, {""$lookup"": {""from"": ""COURSE"", ""localField"": ""class.CRS_CODE"", ""foreignField"": ""CRS_CODE"", ""as"": ""course""}}, {""$unwind"": ""$course""}, {""$group"": {""_id"": ""$course.DEPT_CODE"", ""count"": {""$sum"": 1}}}, {""$sort"": {""count"": -1}}, {""$limit"": 1}, {""$lookup"": {""from"": ""DEPARTMENT"", ""localField"": ""_id"", ""foreignField"": ""DEPT_CODE"", ""as"": ""dept""}}, {""$unwind"": ""$dept""}, {""$project"": {""_id"": 0, ""dept_name"": ""$dept.DEPT_NAME""}}])","db.CLASS.aggregate([{'$lookup': {'from': 'ENROLL', 'localField': 'CLASS_CODE', 'foreignField': 'CLASS_CODE', 'as': 'e'}}, {'$unwind': '$e'}, {'$lookup': {'from': 'COURSE', 'localField': 'CRS_CODE', 'foreignField': 'CRS_CODE', 'as': 'c'}}, {'$unwind': '$c'}, {'$group': {'_id': '$c.DEPT_CODE', 'count': {'$sum': 1}}}, {'$sort': {'count': -1}}, {'$limit': 1}, {'$lookup': {'from': 'DEPARTMENT', 'localField': '_id', 'foreignField': 'DEPT_CODE', 'as': 'd'}}, {'$unwind': '$d'}, {'$project': {'_id': 0, 'DEPT_NAME': '$d.DEPT_NAME'}}])",Reversed join direction plus a field alias; equivalent.
rag,spider-college_1-50,college_1,UNREVIEWED_CANDIDATE,KEY_TOLERANT|SINGLE_ROW,key-tolerant,How many professors are teaching class with code ACCT-211?,"db.CLASS.aggregate([{""$match"": {""CRS_CODE"": ""ACCT-211""}}, {""$group"": {""_id"": ""$PROF_NUM""}}, {""$count"": ""count""}])","db.CLASS.aggregate([{'$match': {'CRS_CODE': 'ACCT-211'}}, {'$group': {'_id': '$PROF_NUM'}}, {'$count': 'professor_count'}])",
rag,spider-college_2-62,college_2,UNREVIEWED_CANDIDATE,SINGLE_ROW,exact,What is the title of the course that was offered at building Chandler during the fall semester in the year of 2010?,"db.course.aggregate([{""$lookup"": {""from"": ""section"", ""localField"": ""course_id"", ""foreignField"": ""course_id"", ""as"": ""sec""}}, {""$unwind"": ""$sec""}, {""$match"": {""sec.building"": ""Chandler"", ""sec.semester"": ""Fall"", ""sec.year"": 2010}}, {""$project"": {""_id"": 0, ""title"": 1}}])","db.course.aggregate([{'$lookup': {'from': 'section', 'localField': 'course_id', 'foreignField': 'course_id', 'as': 's'}}, {'$unwind': '$s'}, {'$match': {'s.building': 'Chandler', 's.semester': 'Fall', 's.year': 2010}}, {'$project': {'_id': 0, 'title': 1}}])",
rag,spider-bike_1-18,bike_1,UNREVIEWED_CANDIDATE,SINGLE_ROW,exact,What is the average longitude of stations that never had bike availability more than 10?,"db.station.aggregate([{""$lookup"": {""from"": ""status"", ""localField"": ""id"", ""foreignField"": ""station_id"", ""as"": ""status""}}, {""$addFields"": {""max_bikes"": {""$max"": ""$status.bikes_available""}}}, {""$match"": {""$or"": [{""max_bikes"": {""$lte"": 10}}, {""max_bikes"": None}]}}, {""$group"": {""_id"": None, ""avg_long"": {""$avg"": ""$long""}}}, {""$project"": {""_id"": 0, ""avg_long"": 1}}])","db.station.aggregate([{'$lookup': {'from': 'status', 'localField': 'id', 'foreignField': 'station_id', 'as': 'st'}}, {'$match': {'$expr': {'$eq': [{'$size': {'$filter': {'input': '$st', 'cond': {'$gt': ['$$this.bikes_available', 10]}}}}, 0]}}}, {'$group': {'_id': None, 'avg_long': {'$avg': '$long'}}}, {'$project': {'_id': 0, 'avg_long': 1}}])",
rag,spider-concert_singer-21,concert_singer,UNREVIEWED_CANDIDATE,SINGLE_ROW,exact,What is the name and country of origin of every singer who has a song with the word 'Hey' in its title?,"db.singer.find({""Song_Name"": {""$regex"": ""Hey""}}, {""_id"": 0, ""Name"": 1, ""Country"": 1})","db.singer.find({'Song_Name': {'$regex': 'Hey', '$options': 'i'}}, {'_id': 0, 'Name': 1, 'Country': 1})",
rag,spider-world_1-97,world_1,UNREVIEWED_CANDIDATE,KEY_TOLERANT|SINGLE_ROW,key-tolerant,Give the total population and average surface area corresponding to countries in North America that have a surface area greater than 3000 .,"db.country.aggregate([{""$match"": {""Continent"": ""North America"", ""SurfaceArea"": {""$gt"": 3000}}}, {""$group"": {""_id"": None, ""total_population"": {""$sum"": ""$Population""}, ""avg_surface_area"": {""$avg"": ""$SurfaceArea""}}}, {""$project"": {""_id"": 0, ""total_population"": 1, ""avg_surface_area"": 1}}])","db.country.aggregate([{'$match': {'Continent': 'North America', 'SurfaceArea': {'$gt': 3000}}}, {'$group': {'_id': None, 'total_population': {'$sum': '$Population'}, 'avg_surface_area': {'$avg': '$SurfaceArea'}}}])",
rag,spider-college_1-64,college_1,UNREVIEWED_CANDIDATE,SCALAR_GOLD,exact,How many professors who has a either Ph.D. or MA degree?,"db.PROFESSOR.count_documents({""PROF_HIGH_DEGREE"": {""$in"": [""Ph.D."", ""MA""]}})","db.PROFESSOR.count_documents({'$or': [{'PROF_HIGH_DEGREE': 'Ph.D.'}, {'PROF_HIGH_DEGREE': 'MA'}]})",
rag,spider-college_2-55,college_2,UNREVIEWED_CANDIDATE,KEY_TOLERANT|SINGLE_ROW,key-tolerant,Find the total number of instructors who teach a course in the Spring 2010 semester.,"db.teaches.aggregate([{""$match"": {""semester"": ""Spring"", ""year"": 2010}}, {""$group"": {""_id"": ""$ID""}}, {""$count"": ""count""}])","db.teaches.aggregate([{'$match': {'semester': 'Spring', 'year': 2010}}, {'$group': {'_id': '$ID'}}, {'$count': 'instructor_count'}])",
rag,spider-college_1-123,college_1,REVIEWED_OK,DIFF_COLLECTIONS,exact,What are the first names of all students in course ACCT-211?,"db.CLASS.aggregate([{""$match"": {""CRS_CODE"": ""ACCT-211""}}, {""$lookup"": {""from"": ""ENROLL"", ""localField"": ""CLASS_CODE"", ""foreignField"": ""CLASS_CODE"", ""as"": ""e""}}, {""$unwind"": ""$e""}, {""$lookup"": {""from"": ""STUDENT"", ""localField"": ""e.STU_NUM"", ""foreignField"": ""STU_NUM"", ""as"": ""s""}}, {""$unwind"": ""$s""}, {""$project"": {""_id"": 0, ""STU_FNAME"": ""$s.STU_FNAME""}}])","db.STUDENT.aggregate([{'$lookup': {'from': 'ENROLL', 'localField': 'STU_NUM', 'foreignField': 'STU_NUM', 'as': 'e'}}, {'$unwind': '$e'}, {'$lookup': {'from': 'CLASS', 'localField': 'e.CLASS_CODE', 'foreignField': 'CLASS_CODE', 'as': 'cl'}}, {'$unwind': '$cl'}, {'$match': {'cl.CRS_CODE': 'ACCT-211'}}, {'$project': {'_id': 0, 'STU_FNAME': 1}}])",Reversed join direction; equivalent.
rag,spider-inn_1-25,inn_1,UNREVIEWED_CANDIDATE,SINGLE_ROW,exact,What is the decor of room Recluse and defiance?,"db.Rooms.find({""roomName"": ""Recluse and defiance""}, {""_id"": 0, ""decor"": 1})","db.Rooms.find({'roomName': 'Recluse and defiance'}, {'decor': 1, '_id': 0})",
rag,spider-car_1-105,car_1,UNREVIEWED_CANDIDATE,KEY_TOLERANT|NO_SORT_IN_PRED,key-tolerant,What is the maximum accelerate for all the different cylinders?,"db.cars_data.aggregate([{""$group"": {""_id"": ""$Cylinders"", ""max_accelerate"": {""$max"": ""$Accelerate""}}}, {""$project"": {""_id"": 0, ""Cylinders"": ""$_id"", ""max_accelerate"": 1}}, {""$sort"": {""Cylinders"": 1}}])","db.cars_data.aggregate([{'$group': {'_id': '$Cylinders', 'max_accelerate': {'$max': '$Accelerate'}}}, {'$project': {'_id': 0, 'Cylinders': '$_id', 'Max_Accelerate': '$max_accelerate'}}])",
rag,spider-college_1-137,college_1,UNREVIEWED_CANDIDATE,SINGLE_ROW,exact,What is the course description and number of credits for QM-261?,"db.COURSE.find({""CRS_CODE"": ""QM-261""}, {""_id"": 0, ""CRS_CREDIT"": 1, ""CRS_DESCRIPTION"": 1})","db.COURSE.find({'CRS_CODE': 'QM-261'}, {'_id': 0, 'CRS_DESCRIPTION': 1, 'CRS_CREDIT': 1})",
rag,spider-sakila_1-4,sakila_1,UNREVIEWED_CANDIDATE,SORT_SPEC_DIFFERS,exact,"Which film actor (actress) starred the most films? List his or her first name, last name and actor id.","db.film_actor.aggregate([{""$group"": {""_id"": ""$actor_id"", ""count"": {""$sum"": 1}}}, {""$sort"": {""count"": -1}}, {""$limit"": 1}, {""$lookup"": {""from"": ""actor"", ""localField"": ""_id"", ""foreignField"": ""actor_id"", ""as"": ""a""}}, {""$unwind"": ""$a""}, {""$project"": {""_id"": 0, ""first_name"": ""$a.first_name"", ""last_name"": ""$a.last_name"", ""actor_id"": ""$_id""}}])","db.film_actor.aggregate([{'$group': {'_id': '$actor_id', 'count': {'$sum': 1}}}, {'$sort': {'count': -1}}, {'$limit': 1}, {'$lookup': {'from': 'actor', 'localField': '_id', 'foreignField': 'actor_id', 'as': 'a'}}, {'$unwind': '$a'}, {'$project': {'_id': 0, 'first_name': '$a.first_name', 'last_name': '$a.last_name', 'actor_id': '$a.actor_id'}}])",
rag,spider-bike_1-104,bike_1,UNREVIEWED_CANDIDATE,SINGLE_ROW,exact,What is the average latitude and longitude of all starting stations for the trips?,"db.trip.aggregate([{""$lookup"": {""from"": ""station"", ""localField"": ""start_station_id"", ""foreignField"": ""id"", ""as"": ""st""}}, {""$unwind"": ""$st""}, {""$group"": {""_id"": None, ""avg_lat"": {""$avg"": ""$st.lat""}, ""avg_long"": {""$avg"": ""$st.long""}}}, {""$project"": {""_id"": 0, ""avg_lat"": 1, ""avg_long"": 1}}])","db.trip.aggregate([{'$lookup': {'from': 'station', 'localField': 'start_station_id', 'foreignField': 'id', 'as': 'station'}}, {'$unwind': '$station'}, {'$group': {'_id': None, 'avg_lat': {'$avg': '$station.lat'}, 'avg_long': {'$avg': '$station.long'}}}, {'$project': {'_id': 0, 'avg_lat': 1, 'avg_long': 1}}])",
rag,spider-college_1-138,college_1,UNREVIEWED_CANDIDATE,KEY_TOLERANT|SINGLE_ROW,key-tolerant,How many schools are there in the department?,"db.DEPARTMENT.aggregate([{""$group"": {""_id"": ""$SCHOOL_CODE""}}, {""$count"": ""school_count""}])","db.DEPARTMENT.aggregate([{'$group': {'_id': '$SCHOOL_CODE'}}, {'$count': 'count'}])",
rag,spider-store_1-103,store_1,REVIEWED_OK,DIFF_COLLECTIONS,exact,What are the names of all Rock tracks that are stored on MPEG audio files?,"db.genres.aggregate([{""$match"": {""name"": ""Rock""}}, {""$lookup"": {""from"": ""tracks"", ""localField"": ""id"", ""foreignField"": ""genre_id"", ""as"": ""trk""}}, {""$unwind"": ""$trk""}, {""$lookup"": {""from"": ""media_types"", ""localField"": ""trk.media_type_id"", ""foreignField"": ""id"", ""as"": ""mt""}}, {""$unwind"": ""$mt""}, {""$match"": {""mt.name"": ""MPEG audio file""}}, {""$project"": {""_id"": 0, ""name"": ""$trk.name""}}])","db.tracks.aggregate([{'$lookup': {'from': 'genres', 'localField': 'genre_id', 'foreignField': 'id', 'as': 'genre'}}, {'$unwind': '$genre'}, {'$lookup': {'from': 'media_types', 'localField': 'media_type_id', 'foreignField': 'id', 'as': 'media_type'}}, {'$unwind': '$media_type'}, {'$match': {'genre.name': 'Rock', 'media_type.name': 'MPEG audio file'}}, {'$project': {'_id': 0, 'name': 1}}])",Reversed join direction; equivalent.
rag,spider-college_1-140,college_1,CONFIRMED_FP,KEY_TOLERANT|SINGLE_ROW|DIFF_COLLECTIONS,key-tolerant,What are the number of different course codes?,"db.CLASS.aggregate([{""$group"": {""_id"": ""$CRS_CODE""}}, {""$count"": ""course_code_count""}])","db.COURSE.aggregate([{'$group': {'_id': '$CRS_CODE'}}, {'$count': 'count'}])",Counts distinct CRS_CODE in COURSE where gold counts distinct CRS_CODE in CLASS -- 'courses that exist' vs 'courses that have scheduled classes'. Different questions that happen to return the same number.
rag,spider-college_1-160,college_1,UNREVIEWED_CANDIDATE,KEY_TOLERANT,key-tolerant,What are the names of all students taking a course who received an A or C?,"db.STUDENT.aggregate([{""$lookup"": {""from"": ""ENROLL"", ""localField"": ""STU_NUM"", ""foreignField"": ""STU_NUM"", ""as"": ""e""}}, {""$unwind"": ""$e""}, {""$match"": {""$or"": [{""e.ENROLL_GRADE"": ""C""}, {""e.ENROLL_GRADE"": ""A""}]}}, {""$project"": {""_id"": 0, ""STU_FNAME"": 1, ""STU_LNAME"": 1}}])","db.STUDENT.aggregate([{'$lookup': {'from': 'ENROLL', 'localField': 'STU_NUM', 'foreignField': 'STU_NUM', 'as': 'enroll'}}, {'$unwind': '$enroll'}, {'$match': {'enroll.ENROLL_GRADE': {'$in': ['A', 'C']}}}, {'$project': {'_id': 0, 'stu_fname': '$STU_FNAME', 'stu_lname': '$STU_LNAME'}}])",
rag,spider-wine_1-30,wine_1,CONFIRMED_FP,SORT_SPEC_DIFFERS,exact,List the names of all distinct wines ordered by price.,"db.wine.aggregate([{""$group"": {""_id"": ""$Name"", ""_price"": {""$min"": ""$Price""}}}, {""$sort"": {""_price"": 1}}, {""$project"": {""_id"": 0, ""Name"": ""$_id""}}])","db.wine.aggregate([{'$group': {'_id': '$Name'}}, {'$project': {'_id': 0, 'Name': '$_id'}}, {'$sort': {'Price': 1}}])","Sorts on Price AFTER a $project that removed it, so output order is arbitrary -- and the question explicitly asks for wines ordered by price. Invisible to an order-insensitive comparison."
rag,spider-college_2-149,college_2,REVIEWED_OK,DIFF_COLLECTIONS,exact,What is the title of the course that is a prerequisite for Mobile Computing?,"db.course.aggregate([{""$match"": {""title"": ""Mobile Computing""}}, {""$lookup"": {""from"": ""prereq"", ""localField"": ""course_id"", ""foreignField"": ""course_id"", ""as"": ""p""}}, {""$unwind"": ""$p""}, {""$lookup"": {""from"": ""course"", ""localField"": ""p.prereq_id"", ""foreignField"": ""course_id"", ""as"": ""pc""}}, {""$unwind"": ""$pc""}, {""$project"": {""_id"": 0, ""title"": ""$pc.title""}}])","db.prereq.aggregate([{'$lookup': {'from': 'course', 'localField': 'course_id', 'foreignField': 'course_id', 'as': 'c'}}, {'$unwind': '$c'}, {'$match': {'c.title': 'Mobile Computing'}}, {'$lookup': {'from': 'course', 'localField': 'prereq_id', 'foreignField': 'course_id', 'as': 'pc'}}, {'$unwind': '$pc'}, {'$project': {'_id': 0, 'title': '$pc.title'}}])",Reversed $lookup join direction; same result set.
rag,spider-college_1-103,college_1,UNREVIEWED_CANDIDATE,SINGLE_ROW,exact,How many professors are in the accounting dept?,"db.PROFESSOR.aggregate([{""$lookup"": {""from"": ""DEPARTMENT"", ""localField"": ""DEPT_CODE"", ""foreignField"": ""DEPT_CODE"", ""as"": ""d""}}, {""$unwind"": ""$d""}, {""$match"": {""d.DEPT_NAME"": ""Accounting""}}, {""$count"": ""count""}])","db.PROFESSOR.aggregate([{'$lookup': {'from': 'DEPARTMENT', 'localField': 'DEPT_CODE', 'foreignField': 'DEPT_CODE', 'as': 'dept'}}, {'$unwind': '$dept'}, {'$match': {'dept.DEPT_NAME': 'Accounting'}}, {'$count': 'count'}])",
rag,spider-college_2-154,college_2,UNREVIEWED_CANDIDATE,SINGLE_ROW|SORT_SPEC_DIFFERS,exact,"How many instructors are in the department with the highest budget, and what is their average salary?","db.department.aggregate([{""$sort"": {""budget"": -1}}, {""$limit"": 1}, {""$lookup"": {""from"": ""instructor"", ""localField"": ""dept_name"", ""foreignField"": ""dept_name"", ""as"": ""i""}}, {""$unwind"": ""$i""}, {""$group"": {""_id"": None, ""avg_salary"": {""$avg"": ""$i.salary""}, ""count"": {""$sum"": 1}}}, {""$project"": {""_id"": 0, ""avg_salary"": 1, ""count"": 1}}])","db.department.aggregate([{'$sort': {'budget': -1}}, {'$limit': 1}, {'$lookup': {'from': 'instructor', 'localField': 'dept_name', 'foreignField': 'dept_name', 'as': 'instr'}}, {'$unwind': '$instr'}, {'$group': {'_id': None, 'avg_salary': {'$avg': '$instr.salary'}, 'count': {'$sum': 1}}}, {'$project': {'_id': 0, 'avg_salary': 1, 'count': 1}}])",
rag,spider-store_1-79,store_1,UNREVIEWED_CANDIDATE,SINGLE_ROW,exact,What is the count of customers that Steve Johnson supports?,"db.employees.aggregate([{""$match"": {""first_name"": ""Steve"", ""last_name"": ""Johnson""}}, {""$lookup"": {""from"": ""customers"", ""localField"": ""id"", ""foreignField"": ""support_rep_id"", ""as"": ""cust""}}, {""$unwind"": ""$cust""}, {""$count"": ""count""}])","db.employees.aggregate([{'$match': {'first_name': 'Steve', 'last_name': 'Johnson'}}, {'$lookup': {'from': 'customers', 'localField': 'id', 'foreignField': 'support_rep_id', 'as': 'custs'}}, {'$unwind': '$custs'}, {'$count': 'count'}])",
rag,spider-world_1-35,world_1,FALSE_NEGATIVE_CANDIDATE,ONLY_ID_DIFFERS,no-match,What are the region and population of Angola?,"db.country.find({""Name"": ""Angola""}, {""_id"": 0, ""Population"": 1, ""Region"": 1})","db.country.find({'Name': 'Angola'}, {'Region': 1, 'Population': 1})",ONLY_ID_DIFFERS: identical once the un-projected _id is dropped
rag,spider-world_1-33,world_1,FALSE_NEGATIVE_CANDIDATE,ONLY_ID_DIFFERS,no-match,What region does Angola belong to and what is its population?,"db.country.find({""Name"": ""Angola""}, {""_id"": 0, ""Population"": 1, ""Region"": 1})","db.country.find({'Name': 'Angola'}, {'Region': 1, 'Population': 1})",ONLY_ID_DIFFERS: identical once the un-projected _id is dropped
rag,spider-dog_kennels-54,dog_kennels,FALSE_NEGATIVE_CANDIDATE,ONLY_ID_DIFFERS,no-match,List the arrival date and the departure date for all the dogs.,"db.Dogs.find({}, {""_id"": 0, ""date_arrived"": 1, ""date_departed"": 1})","db.Dogs.find({}, {'date_arrived': 1, 'date_departed': 1})",ONLY_ID_DIFFERS: identical once the un-projected _id is dropped
rag,spider-college_2-106,college_2,FALSE_NEGATIVE_CANDIDATE,SET_EQ_DUPES_DIFFER,no-match,What are the names of the students who took classes in 2009 or 2010?,"db.takes.aggregate([{""$match"": {""$or"": [{""year"": 2009}, {""year"": 2010}]}}, {""$group"": {""_id"": ""$ID""}}, {""$lookup"": {""from"": ""student"", ""localField"": ""_id"", ""foreignField"": ""ID"", ""as"": ""s""}}, {""$unwind"": ""$s""}, {""$project"": {""_id"": 0, ""name"": ""$s.name""}}])","db.student.aggregate([{'$lookup': {'from': 'takes', 'localField': 'ID', 'foreignField': 'ID', 'as': 'tk'}}, {'$unwind': '$tk'}, {'$match': {'$or': [{'tk.year': 2009}, {'tk.year': 2010}]}}, {'$group': {'_id': '$name'}}, {'$project': {'_id': 0, 'name': '$_id'}}])","SET_EQ_DUPES_DIFFER: same distinct rows, different duplicate counts"
rag,spider-apartment_rentals-59,apartment_rentals,FALSE_NEGATIVE_CANDIDATE,ONLY_ID_DIFFERS,no-match,"What are the address and phone number of the buildings managed by ""Brenden""?","db.Apartment_Buildings.find({""building_manager"": ""Brenden""}, {""_id"": 0, ""building_address"": 1, ""building_phone"": 1})","db.Apartment_Buildings.find({'building_manager': 'Brenden'}, {'building_address': 1, 'building_phone': 1})",ONLY_ID_DIFFERS: identical once the un-projected _id is dropped
rag,spider-formula_1-37,formula_1,FALSE_NEGATIVE_CANDIDATE,SET_EQ_DUPES_DIFFER,no-match,List the names of all distinct races in reversed  lexicographic order?,"db.races.aggregate([{""$group"": {""_id"": ""$name""}}, {""$project"": {""_id"": 0, ""name"": ""$_id""}}, {""$sort"": {""name"": -1}}])","db.races.find({}, {'name': 1}).sort({'name': -1})","SET_EQ_DUPES_DIFFER: same distinct rows, different duplicate counts"
finetuned,spider-dog_kennels-39,dog_kennels,UNREVIEWED_CANDIDATE,KEY_TOLERANT|SINGLE_ROW,key-tolerant,How much does the most expensive charge type costs?,"db.Charges.aggregate([{""$group"": {""_id"": None, ""max_charge_amount"": {""$max"": ""$charge_amount""}}}, {""$project"": {""_id"": 0, ""max_charge_amount"": 1}}])","db.Charges.aggregate([{'$group': {'_id': None, 'max_cost': {'$max': '$charge_amount'}}}, {'$project': {'_id': 0, 'max_cost': 1}}])",
finetuned,spider-world_1-35,world_1,UNREVIEWED_CANDIDATE,SINGLE_ROW,exact,What are the region and population of Angola?,"db.country.find({""Name"": ""Angola""}, {""_id"": 0, ""Population"": 1, ""Region"": 1})","db.country.find({'Name': 'Angola'}, {'_id': 0, 'Region': 1, 'Population': 1})",
finetuned,spider-world_1-2,world_1,REVIEWED_OK,SINGLE_ROW|DIFF_COLLECTIONS|SORT_SPEC_DIFFERS,exact,Which continent has the most diverse languages?,"db.countrylanguage.aggregate([{""$lookup"": {""from"": ""country"", ""localField"": ""CountryCode"", ""foreignField"": ""Code"", ""as"": ""c""}}, {""$unwind"": ""$c""}, {""$group"": {""_id"": ""$c.Continent"", ""count"": {""$sum"": 1}}}, {""$sort"": {""count"": -1}}, {""$limit"": 1}, {""$project"": {""_id"": 0, ""Continent"": ""$_id""}}])","db.country.aggregate([{'$lookup': {'from': 'countrylanguage', 'localField': 'Code', 'foreignField': 'CountryCode', 'as': 'cl'}}, {'$unwind': '$cl'}, {'$group': {'_id': '$Continent', 'langs': {'$addToSet': '$cl.Language'}}}, {'$sort': {'langs': -1}}, {'$limit': 1}, {'$project': {'_id': 0, 'Continent': '$_id'}}])","Counts DISTINCT languages per continent where gold counts language rows. Arguably MORE correct than gold for 'most diverse'; a gold-quality question, not a model error."
finetuned,cs-m2,concert_singer,UNREVIEWED_CANDIDATE,SINGLE_ROW,exact,What is the total capacity of all stadiums combined?,"db.stadium.aggregate([{""$group"": {""_id"": None, ""total_capacity"": {""$sum"": ""$Capacity""}}}, {""$project"": {""_id"": 0}}])","db.stadium.aggregate([{'$group': {'_id': None, 'total_capacity': {'$sum': '$Capacity'}}}, {'$project': {'_id': 0, 'total_capacity': 1}}])",
finetuned,cs-m8,concert_singer,UNREVIEWED_CANDIDATE,SINGLE_ROW,exact,What is the average stadium capacity?,"db.stadium.aggregate([{""$group"": {""_id"": None, ""avg_capacity"": {""$avg"": ""$Capacity""}}}, {""$project"": {""_id"": 0}}])","db.stadium.aggregate([{'$group': {'_id': None, 'avg_capacity': {'$avg': '$Capacity'}}}, {'$project': {'_id': 0, 'avg_capacity': 1}}])",
finetuned,spider-world_1-32,world_1,UNREVIEWED_CANDIDATE,KEY_TOLERANT|SINGLE_ROW,key-tolerant,What is the total surface area of the countries in the Caribbean region?,"db.country.aggregate([{""$match"": {""Region"": ""Caribbean""}}, {""$group"": {""_id"": None, ""total_surface_area"": {""$sum"": ""$SurfaceArea""}}}, {""$project"": {""_id"": 0, ""total_surface_area"": 1}}])","db.country.aggregate([{'$match': {'Region': 'Caribbean'}}, {'$group': {'_id': None, 'total_area': {'$sum': '$SurfaceArea'}}}, {'$project': {'_id': 0, 'total_area': 1}}])",
finetuned,spider-car_1-29,car_1,UNREVIEWED_CANDIDATE,KEY_TOLERANT|NO_SORT_IN_PRED,key-tolerant,What is the maximum accelerate for different number of cylinders?,"db.cars_data.aggregate([{""$group"": {""_id"": ""$Cylinders"", ""max_accelerate"": {""$max"": ""$Accelerate""}}}, {""$sort"": {""_id"": 1}}])","db.cars_data.aggregate([{'$group': {'_id': '$Cylinders', 'max_accelerate': {'$max': '$Accelerate'}}}, {'$project': {'_id': 0, 'Cylinders': '$_id', 'max_accelerate': 1}}])",
finetuned,spider-network_1-18,network_1,UNREVIEWED_CANDIDATE,NO_SORT_IN_PRED,exact,Show all the grades of the high schoolers.,"db.Highschooler.find({}, {""_id"": 0, ""grade"": 1}).sort({""grade"": 1})","db.Highschooler.find({}, {'_id': 0, 'grade': 1})",
finetuned,spider-pets_1-14,pets_1,UNREVIEWED_CANDIDATE,SINGLE_ROW|SORT_SPEC_DIFFERS,exact,Find the type and weight of the youngest pet.,"db.Pets.find({}, {""_id"": 0, ""PetType"": 1, ""weight"": 1}).sort(""pet_age"", 1).limit(1)","db.Pets.find({}, {'_id': 0, 'PetType': 1, 'weight': 1}).sort({'pet_age': 1}).limit(1)",
finetuned,spider-concert_singer-17,concert_singer,UNREVIEWED_CANDIDATE,KEY_TOLERANT|SINGLE_ROW,key-tolerant,What is the average and maximum capacities for all stadiums ?,"db.stadium.aggregate([{""$group"": {""_id"": None, ""avg_capacity"": {""$avg"": ""$Capacity""}, ""max_capacity"": {""$max"": ""$Capacity""}}}, {""$project"": {""_id"": 0}}])","db.stadium.aggregate([{'$group': {'_id': None, 'avg': {'$avg': '$Capacity'}, 'max': {'$max': '$Capacity'}}}, {'$project': {'_id': 0, 'avg': 1, 'max': 1}}])",
finetuned,spider-pets_1-20,pets_1,CONFIRMED_FP,SINGLE_ROW|NO_SORT_IN_PRED,exact,Find the last name of the student who has a cat that is age 3.,"db.Has_Pet.aggregate([{""$lookup"": {""from"": ""Pets"", ""localField"": ""PetID"", ""foreignField"": ""PetID"", ""as"": ""pet""}}, {""$unwind"": ""$pet""}, {""$match"": {""pet.PetType"": ""cat"", ""pet.pet_age"": 3}}, {""$lookup"": {""from"": ""Student"", ""localField"": ""StuID"", ""foreignField"": ""StuID"", ""as"": ""student""}}, {""$unwind"": ""$student""}, {""$project"": {""_id"": 0, ""LName"": ""$student.LName""}}, {""$sort"": {""LName"": 1}}])","db.Has_Pet.aggregate([{'$lookup': {'from': 'Pets', 'localField': 'PetID', 'foreignField': 'PetID', 'as': 'pet'}}, {'$unwind': '$pet'}, {'$match': {'pet.pet_age': 3}}, {'$lookup': {'from': 'Student', 'localField': 'StuID', 'foreignField': 'StuID', 'as': 'student'}}, {'$unwind': '$student'}, {'$project': {'_id': 0, 'LName': '$student.LName'}}])",Drops the PetType == 'cat' filter entirely and matches on pet_age == 3 alone. The question asks for the student with a CAT aged 3.
finetuned,spider-pets_1-3,pets_1,UNREVIEWED_CANDIDATE,SINGLE_ROW|NO_SORT_IN_PRED,exact,Find the first name and gender of student who have more than one pet.,"db.Has_Pet.aggregate([{""$group"": {""_id"": ""$StuID"", ""count"": {""$sum"": 1}}}, {""$match"": {""count"": {""$gt"": 1}}}, {""$lookup"": {""from"": ""Student"", ""localField"": ""_id"", ""foreignField"": ""StuID"", ""as"": ""student""}}, {""$unwind"": ""$student""}, {""$project"": {""_id"": 0, ""Fname"": ""$student.Fname"", ""Sex"": ""$student.Sex""}}, {""$sort"": {""Fname"": 1}}])","db.Has_Pet.aggregate([{'$group': {'_id': '$StuID', 'pet_count': {'$sum': 1}}}, {'$match': {'pet_count': {'$gt': 1}}}, {'$lookup': {'from': 'Student', 'localField': '_id', 'foreignField': 'StuID', 'as': 's'}}, {'$unwind': '$s'}, {'$project': {'_id': 0, 'Fname': '$s.Fname', 'Sex': '$s.Sex'}}])",
finetuned,3,pets_1,REVIEWED_OK,KEY_TOLERANT|SINGLE_ROW|LIMIT_MISMATCH,key-tolerant,Find the maximum weight of all pets.,"db.Pets.aggregate([{""$group"": {""_id"": None, ""max_weight"": {""$max"": ""$weight""}}}, {""$project"": {""_id"": 0, ""max_weight"": 1}}])","db.Pets.find({}, {'_id': 0, 'weight': 1}).sort({'weight': -1}).limit(1)","find().sort(weight,-1).limit(1) is equivalent to $max over weight."
finetuned,dk-e5,dog_kennels,UNREVIEWED_CANDIDATE,KEY_TOLERANT|SINGLE_ROW,key-tolerant,What is the most expensive charge amount?,"db.Charges.aggregate([{""$group"": {""_id"": None, ""max_charge"": {""$max"": ""$charge_amount""}}}])","db.Charges.aggregate([{'$group': {'_id': None, 'max_charge': {'$max': '$charge_amount'}}}, {'$project': {'_id': 0, 'max_charge': 1}}])",
finetuned,car-m3,car_1,UNREVIEWED_CANDIDATE,SINGLE_ROW,exact,What is the average weight of all cars?,"db.cars_data.aggregate([{""$group"": {""_id"": None, ""avg_weight"": {""$avg"": ""$Weight""}}}, {""$project"": {""_id"": 0}}])","db.cars_data.aggregate([{'$group': {'_id': None, 'avg_weight': {'$avg': '$Weight'}}}, {'$project': {'_id': 0, 'avg_weight': 1}}])",
finetuned,spider-world_1-62,world_1,UNREVIEWED_CANDIDATE,KEY_TOLERANT|SINGLE_ROW,key-tolerant,What is the total population and average area of countries in the continent of North America whose area is bigger than 3000 ?,"db.country.aggregate([{""$match"": {""Continent"": ""North America"", ""SurfaceArea"": {""$gt"": 3000}}}, {""$group"": {""_id"": None, ""total_population"": {""$sum"": ""$Population""}, ""avg_surface_area"": {""$avg"": ""$SurfaceArea""}}}, {""$project"": {""_id"": 0, ""total_population"": 1, ""avg_surface_area"": 1}}])","db.country.aggregate([{'$match': {'Continent': 'North America'}}, {'$addFields': {'area_m2': {'$toInt': '$SurfaceArea'}}}, {'$match': {'area_m2': {'$gt': 3000}}}, {'$group': {'_id': None, 'total_population': {'$sum': '$Population'}, 'avg_area': {'$avg': '$area_m2'}}}, {'$project': {'_id': 0, 'total_population': 1, 'avg_area': 1}}])",
finetuned,spider-world_1-3,world_1,UNREVIEWED_CANDIDATE,SINGLE_ROW|SORT_SPEC_DIFFERS,exact,Which language is the most popular on the Asian continent?,"db.country.aggregate([{""$match"": {""Continent"": ""Asia""}}, {""$lookup"": {""from"": ""countrylanguage"", ""localField"": ""Code"", ""foreignField"": ""CountryCode"", ""as"": ""langs""}}, {""$unwind"": ""$langs""}, {""$group"": {""_id"": ""$langs.Language"", ""count"": {""$sum"": 1}}}, {""$sort"": {""count"": -1}}, {""$limit"": 1}, {""$project"": {""_id"": 0, ""Language"": ""$_id""}}])","db.country.aggregate([{'$match': {'Continent': 'Asia'}}, {'$lookup': {'from': 'countrylanguage', 'localField': 'Code', 'foreignField': 'CountryCode', 'as': 'lang'}}, {'$unwind': '$lang'}, {'$group': {'_id': '$lang.Language', 'count': {'$sum': 1}}}, {'$sort': {'count': -1}}, {'$limit': 1}, {'$project': {'_id': 0, 'Language': '$_id'}}])",
finetuned,spider-network_1-14,network_1,UNREVIEWED_CANDIDATE,NO_SORT_IN_PRED,exact,Show names of all high school students who do not have any friends.,"db.Highschooler.aggregate([{""$lookup"": {""from"": ""Friend"", ""localField"": ""ID"", ""foreignField"": ""student_id"", ""as"": ""friends""}}, {""$match"": {""friends"": {""$eq"": []}}}, {""$project"": {""_id"": 0, ""name"": 1}}, {""$sort"": {""name"": 1}}])","db.Highschooler.aggregate([{'$lookup': {'from': 'Friend', 'localField': 'ID', 'foreignField': 'student_id', 'as': 'f'}}, {'$match': {'f': {'$eq': []}}}, {'$project': {'_id': 0, 'name': 1}}])",
finetuned,spider-store_1-29,store_1,UNREVIEWED_CANDIDATE,KEY_TOLERANT|SINGLE_ROW,key-tolerant,What is the total amount of money spent by Lucas Mancini?,"db.customers.aggregate([{""$match"": {""first_name"": ""Lucas"", ""last_name"": ""Mancini""}}, {""$lookup"": {""from"": ""invoices"", ""localField"": ""id"", ""foreignField"": ""customer_id"", ""as"": ""invs""}}, {""$project"": {""_id"": 0, ""total_spent"": {""$sum"": ""$invs.total""}}}])","db.customers.aggregate([{'$match': {'first_name': 'Lucas', 'last_name': 'Mancini'}}, {'$lookup': {'from': 'invoices', 'localField': 'id', 'foreignField': 'customer_id', 'as': 'inv'}}, {'$unwind': '$inv'}, {'$group': {'_id': None, 'total': {'$sum': '$inv.total'}}}, {'$project': {'_id': 0, 'total': 1}}])",
finetuned,spider-college_2-59,college_2,REVIEWED_OK,SINGLE_ROW|DIFF_COLLECTIONS,exact,What is the title of the prerequisite class of International Finance course?,"db.prereq.aggregate([{""$lookup"": {""from"": ""course"", ""localField"": ""course_id"", ""foreignField"": ""course_id"", ""as"": ""c""}}, {""$unwind"": ""$c""}, {""$match"": {""c.title"": ""International Finance""}}, {""$lookup"": {""from"": ""course"", ""localField"": ""prereq_id"", ""foreignField"": ""course_id"", ""as"": ""pc""}}, {""$unwind"": ""$pc""}, {""$project"": {""_id"": 0, ""title"": ""$pc.title""}}])","db.course.aggregate([{'$match': {'title': 'International Finance'}}, {'$lookup': {'from': 'prereq', 'localField': 'course_id', 'foreignField': 'course_id', 'as': 'pr'}}, {'$unwind': '$pr'}, {'$lookup': {'from': 'course', 'localField': 'pr.prereq_id', 'foreignField': 'course_id', 'as': 'pr2'}}, {'$unwind': '$pr2'}, {'$project': {'_id': 0, 'title': '$pr2.title'}}])",Reversed join direction; equivalent.
finetuned,spider-store_1-49,store_1,REVIEWED_OK,DIFF_COLLECTIONS,exact,List the name of tracks belongs to genre Rock or genre Jazz.,"db.genres.aggregate([{""$match"": {""name"": {""$in"": [""Rock"", ""Jazz""]}}}, {""$lookup"": {""from"": ""tracks"", ""localField"": ""id"", ""foreignField"": ""genre_id"", ""as"": ""tracks""}}, {""$unwind"": ""$tracks""}, {""$project"": {""_id"": 0, ""name"": ""$tracks.name""}}])","db.tracks.aggregate([{'$lookup': {'from': 'genres', 'localField': 'genre_id', 'foreignField': 'id', 'as': 'g'}}, {'$unwind': '$g'}, {'$match': {'g.name': {'$in': ['Rock', 'Jazz']}}}, {'$project': {'_id': 0, 'name': 1}}])",Reversed join direction; equivalent.
finetuned,spider-hr_1-21,hr_1,REVIEWED_OK,DIFF_COLLECTIONS,exact,find the name of all departments that do actually have one or more employees assigned to them.,"db.employees.aggregate([{""$lookup"": {""from"": ""departments"", ""localField"": ""DEPARTMENT_ID"", ""foreignField"": ""DEPARTMENT_ID"", ""as"": ""dept""}}, {""$unwind"": ""$dept""}, {""$group"": {""_id"": ""$dept.DEPARTMENT_NAME""}}, {""$project"": {""_id"": 0, ""DEPARTMENT_NAME"": ""$_id""}}])","db.departments.aggregate([{'$lookup': {'from': 'employees', 'localField': 'DEPARTMENT_ID', 'foreignField': 'DEPARTMENT_ID', 'as': 'e'}}, {'$match': {'e': {'$ne': []}}}, {'$project': {'_id': 0, 'DEPARTMENT_NAME': 1}}])",$ne:[] existence test instead of group-by; equivalent.
finetuned,spider-world_1-33,world_1,UNREVIEWED_CANDIDATE,SINGLE_ROW,exact,What region does Angola belong to and what is its population?,"db.country.find({""Name"": ""Angola""}, {""_id"": 0, ""Population"": 1, ""Region"": 1})","db.country.find({'Name': 'Angola'}, {'_id': 0, 'Region': 1, 'Population': 1})",
finetuned,spider-apartment_rentals-29,apartment_rentals,CONFIRMED_FP,SORT_SPEC_DIFFERS,exact,Show the top 3 apartment type codes sorted by the average number of rooms in descending order.,"db.Apartments.aggregate([{""$addFields"": {""room_count_num"": {""$toDouble"": ""$room_count""}}}, {""$group"": {""_id"": ""$apt_type_code"", ""avg_room_count"": {""$avg"": ""$room_count_num""}}}, {""$sort"": {""avg_room_count"": -1}}, {""$limit"": 3}, {""$project"": {""_id"": 0, ""apt_type_code"": ""$_id""}}])","db.Apartments.aggregate([{'$group': {'_id': '$apt_type_code', 'avg_room_count': {'$avg': '$room_count'}}}, {'$sort': {'avg_room_count': -1}}, {'$limit': 3}, {'$project': {'_id': 0, 'apt_type_code': '$_id'}}])","Averages room_count as a STRING (no $toDouble), so the ranking it sorts on is meaningless, and it returns the three type codes in a different order than gold. Passes because apartment_rentals has exactly 3 distinct apt_type_code values, making 'top 3' return all of them regardless, and because comparison is order-insensitive. RAG's query for this same id keeps the $toDouble and is correct."
finetuned,spider-college_2-62,college_2,REVIEWED_OK,SINGLE_ROW|DIFF_COLLECTIONS,exact,What is the title of the course that was offered at building Chandler during the fall semester in the year of 2010?,"db.course.aggregate([{""$lookup"": {""from"": ""section"", ""localField"": ""course_id"", ""foreignField"": ""course_id"", ""as"": ""sec""}}, {""$unwind"": ""$sec""}, {""$match"": {""sec.building"": ""Chandler"", ""sec.semester"": ""Fall"", ""sec.year"": 2010}}, {""$project"": {""_id"": 0, ""title"": 1}}])","db.classroom.aggregate([{'$lookup': {'from': 'section', 'localField': 'room_number', 'foreignField': 'room_number', 'as': 'sec'}}, {'$unwind': '$sec'}, {'$lookup': {'from': 'course', 'localField': 'sec.course_id', 'foreignField': 'course_id', 'as': 'c'}}, {'$unwind': '$c'}, {'$match': {'sec.building': 'Chandler', 'sec.semester': 'Fall', 'sec.year': 2010}}, {'$project': {'_id': 0, 'title': '$c.title'}}])","Starts from classroom rather than course, but the later $match on sec.building/semester/year constrains it identically."
finetuned,spider-world_1-85,world_1,UNREVIEWED_CANDIDATE,KEY_TOLERANT|SINGLE_ROW,key-tolerant,How many different forms of governments are there in Africa?,"db.country.aggregate([{""$match"": {""Continent"": ""Africa""}}, {""$group"": {""_id"": ""$GovernmentForm""}}, {""$count"": ""distinct_government_form_count""}])","db.country.aggregate([{'$match': {'Continent': 'Africa'}}, {'$group': {'_id': '$GovernmentForm'}}, {'$count': 'count'}])",
finetuned,spider-store_1-25,store_1,CONFIRMED_FP,SINGLE_ROW|SORT_SPEC_DIFFERS,exact,Who is the youngest employee in the company? List employee's first and last name.,"db.employees.find({}, {""_id"": 0, ""first_name"": 1, ""last_name"": 1}).sort({""birth_date"": -1}).limit(1)","db.employees.find({}, {'_id': 0, 'first_name': 1, 'last_name': 1}).sort({'hire_date': 1}).limit(1)","Sorts hire_date ascending where gold sorts birth_date descending. 'Youngest employee' is about date of birth, not length of service."
finetuned,spider-college_2-46,college_2,CONFIRMED_FP,SINGLE_ROW|DIFF_COLLECTIONS,exact,How many departments offer courses?,"db.course.aggregate([{""$group"": {""_id"": ""$dept_name""}}, {""$count"": ""count""}])","db.department.aggregate([{'$group': {'_id': None, 'count': {'$sum': 1}}}, {'$project': {'_id': 0, 'count': 1}}])",Counts every document in `department` instead of distinct dept_name in `course`. The question asks how many departments OFFER COURSES.
finetuned,spider-college_2-161,college_2,UNREVIEWED_CANDIDATE,KEY_TOLERANT|SORT_SPEC_DIFFERS,key-tolerant,"List the distinct names of the instructors, ordered by name.","db.instructor.aggregate([{""$group"": {""_id"": ""$name""}}, {""$sort"": {""_id"": 1}}, {""$project"": {""_id"": 0, ""name"": ""$_id""}}])","db.instructor.aggregate([{'$group': {'_id': '$name'}}, {'$sort': {'_id': 1}}])",
finetuned,spider-chinook_1-15,chinook_1,REVIEWED_OK,SINGLE_ROW|DIFF_COLLECTIONS,exact,What is the first name and last name employee helps the customer with first name Leonie?,"db.Customer.aggregate([{""$match"": {""FirstName"": ""Leonie""}}, {""$lookup"": {""from"": ""Employee"", ""localField"": ""SupportRepId"", ""foreignField"": ""EmployeeId"", ""as"": ""emp""}}, {""$unwind"": ""$emp""}, {""$project"": {""_id"": 0, ""FirstName"": ""$emp.FirstName"", ""LastName"": ""$emp.LastName""}}])","db.Employee.aggregate([{'$lookup': {'from': 'Customer', 'localField': 'EmployeeId', 'foreignField': 'SupportRepId', 'as': 'c'}}, {'$unwind': '$c'}, {'$match': {'c.FirstName': 'Leonie'}}, {'$project': {'_id': 0, 'FirstName': 1, 'LastName': 1}}])",Reversed join direction; equivalent.
finetuned,spider-car_1-105,car_1,UNREVIEWED_CANDIDATE,NO_SORT_IN_PRED,exact,What is the maximum accelerate for all the different cylinders?,"db.cars_data.aggregate([{""$group"": {""_id"": ""$Cylinders"", ""max_accelerate"": {""$max"": ""$Accelerate""}}}, {""$project"": {""_id"": 0, ""Cylinders"": ""$_id"", ""max_accelerate"": 1}}, {""$sort"": {""Cylinders"": 1}}])","db.cars_data.aggregate([{'$group': {'_id': '$Cylinders', 'max_accelerate': {'$max': '$Accelerate'}}}, {'$project': {'_id': 0, 'Cylinders': '$_id', 'max_accelerate': 1}}])",
finetuned,spider-college_1-137,college_1,UNREVIEWED_CANDIDATE,SINGLE_ROW,exact,What is the course description and number of credits for QM-261?,"db.COURSE.find({""CRS_CODE"": ""QM-261""}, {""_id"": 0, ""CRS_CREDIT"": 1, ""CRS_DESCRIPTION"": 1})","db.COURSE.find({'CRS_CODE': 'QM-261'}, {'_id': 0, 'CRS_DESCRIPTION': 1, 'CRS_CREDIT': 1})",
finetuned,spider-college_1-142,college_1,CONFIRMED_FP,KEY_TOLERANT|SINGLE_ROW,key-tolerant,What is the number of different class sections offered in the course ACCT-211?,"db.CLASS.aggregate([{""$match"": {""CRS_CODE"": ""ACCT-211""}}, {""$group"": {""_id"": ""$CLASS_SECTION""}}, {""$count"": ""section_count""}])","db.CLASS.aggregate([{'$match': {'CRS_CODE': 'ACCT-211'}}, {'$group': {'_id': None, 'count': {'$sum': 1}}}, {'$project': {'_id': 0, 'count': 1}}])",Counts all documents matching CRS_CODE instead of counting DISTINCT CLASS_SECTION values. The question asks how many different sections.
finetuned,spider-sakila_1-4,sakila_1,UNREVIEWED_CANDIDATE,SORT_SPEC_DIFFERS,exact,"Which film actor (actress) starred the most films? List his or her first name, last name and actor id.","db.film_actor.aggregate([{""$group"": {""_id"": ""$actor_id"", ""count"": {""$sum"": 1}}}, {""$sort"": {""count"": -1}}, {""$limit"": 1}, {""$lookup"": {""from"": ""actor"", ""localField"": ""_id"", ""foreignField"": ""actor_id"", ""as"": ""a""}}, {""$unwind"": ""$a""}, {""$project"": {""_id"": 0, ""first_name"": ""$a.first_name"", ""last_name"": ""$a.last_name"", ""actor_id"": ""$_id""}}])","db.film_actor.aggregate([{'$group': {'_id': '$actor_id', 'count': {'$sum': 1}}}, {'$sort': {'count': -1}}, {'$limit': 1}, {'$lookup': {'from': 'actor', 'localField': '_id', 'foreignField': 'actor_id', 'as': 'actor'}}, {'$unwind': '$actor'}, {'$project': {'_id': 0, 'first_name': '$actor.first_name', 'last_name': '$actor.last_name', 'actor_id': '$_id'}}])",
finetuned,spider-flight_2-75,flight_2,CONFIRMED_FP,GOLD_EMPTY|SCALAR_GOLD|SMALL_SCALAR,exact,Count the number of flights departing from 'APG'.,"db.flights.count_documents({""SourceAirport"": ""APG""})",db.flights.count_documents({'DestAirport': 'APG'}),"Filters DestAirport where the question and gold filter SourceAirport ('flights DEPARTING from APG'). Both return 0, and empty == empty."
finetuned,spider-dog_kennels-76,dog_kennels,REVIEWED_OK,SINGLE_ROW|DIFF_COLLECTIONS,exact,How many dogs went through any treatments?,"db.Treatments.aggregate([{""$group"": {""_id"": ""$dog_id""}}, {""$count"": ""count""}])","db.Dogs.aggregate([{'$lookup': {'from': 'Treatments', 'localField': 'dog_id', 'foreignField': 'dog_id', 'as': 't'}}, {'$match': {'t': {'$ne': []}}}, {'$count': 'count'}])",Counts dogs having >=1 treatment instead of distinct dog_id in Treatments; equivalent.
finetuned,spider-college_1-140,college_1,CONFIRMED_FP,KEY_TOLERANT|SINGLE_ROW|DIFF_COLLECTIONS,key-tolerant,What are the number of different course codes?,"db.CLASS.aggregate([{""$group"": {""_id"": ""$CRS_CODE""}}, {""$count"": ""course_code_count""}])","db.COURSE.aggregate([{'$group': {'_id': '$CRS_CODE'}}, {'$count': 'count'}])",Identical defect to the RAG arm's on this id: COURSE instead of CLASS.
finetuned,spider-store_1-105,store_1,REVIEWED_OK,DIFF_COLLECTIONS,exact,What are the names of the tracks that are Rock or Jazz songs?,"db.genres.aggregate([{""$match"": {""$or"": [{""name"": ""Rock""}, {""name"": ""Jazz""}]}}, {""$lookup"": {""from"": ""tracks"", ""localField"": ""id"", ""foreignField"": ""genre_id"", ""as"": ""trk""}}, {""$unwind"": ""$trk""}, {""$project"": {""_id"": 0, ""name"": ""$trk.name""}}])","db.tracks.aggregate([{'$lookup': {'from': 'genres', 'localField': 'genre_id', 'foreignField': 'id', 'as': 'g'}}, {'$unwind': '$g'}, {'$match': {'g.name': {'$in': ['Rock', 'Jazz']}}}, {'$project': {'_id': 0, 'name': 1}}])",Reversed join direction; equivalent.
finetuned,spider-college_2-124,college_2,CONFIRMED_FP,SINGLE_ROW|DIFF_COLLECTIONS,exact,Which semeseter and year had the fewest students?,"db.takes.aggregate([{""$group"": {""_id"": {""semester"": ""$semester"", ""year"": ""$year""}, ""count"": {""$sum"": 1}}}, {""$sort"": {""count"": 1}}, {""$limit"": 1}, {""$project"": {""_id"": 0, ""semester"": ""$_id.semester"", ""year"": ""$_id.year""}}])","db.section.aggregate([{'$group': {'_id': {'semester': '$semester', 'year': '$year'}, 'count': {'$sum': 1}}}, {'$sort': {'count': 1}}, {'$limit': 1}, {'$project': {'_id': 0, 'semester': '$_id.semester', 'year': '$_id.year'}}])",Groups `section` (course sections offered) instead of `takes` (student enrolments). The question asks which semester had the fewest STUDENTS.
finetuned,spider-store_1-112,store_1,UNREVIEWED_CANDIDATE,SINGLE_ROW,exact,"What is the unit price of the tune ""Fast As a Shark""?","db.tracks.find({""name"": ""Fast As a Shark""}, {""_id"": 0, ""unit_price"": 1})","db.tracks.aggregate([{'$match': {'name': 'Fast As a Shark'}}, {'$lookup': {'from': 'media_types', 'localField': 'media_type_id', 'foreignField': 'id', 'as': 'media_type'}}, {'$unwind': '$media_type'}, {'$project': {'_id': 0, 'unit_price': 1}}])",
finetuned,spider-college_2-149,college_2,REVIEWED_OK,,exact,What is the title of the course that is a prerequisite for Mobile Computing?,"db.course.aggregate([{""$match"": {""title"": ""Mobile Computing""}}, {""$lookup"": {""from"": ""prereq"", ""localField"": ""course_id"", ""foreignField"": ""course_id"", ""as"": ""p""}}, {""$unwind"": ""$p""}, {""$lookup"": {""from"": ""course"", ""localField"": ""p.prereq_id"", ""foreignField"": ""course_id"", ""as"": ""pc""}}, {""$unwind"": ""$pc""}, {""$project"": {""_id"": 0, ""title"": ""$pc.title""}}])","db.course.aggregate([{'$match': {'title': 'Mobile Computing'}}, {'$lookup': {'from': 'prereq', 'localField': 'course_id', 'foreignField': 'course_id', 'as': 'pr'}}, {'$unwind': '$pr'}, {'$lookup': {'from': 'course', 'localField': 'pr.prereq_id', 'foreignField': 'course_id', 'as': 'pr2'}}, {'$unwind': '$pr2'}, {'$project': {'_id': 0, 'title': '$pr2.title'}}])",Reversed join direction; equivalent.
finetuned,spider-sakila_1-18,sakila_1,UNREVIEWED_CANDIDATE,SINGLE_ROW,exact,What is the genre name of the film HUNGER ROOF?,"db.film.aggregate([{""$match"": {""title"": ""HUNGER ROOF""}}, {""$lookup"": {""from"": ""film_category"", ""localField"": ""film_id"", ""foreignField"": ""film_id"", ""as"": ""fc""}}, {""$unwind"": ""$fc""}, {""$lookup"": {""from"": ""category"", ""localField"": ""fc.category_id"", ""foreignField"": ""category_id"", ""as"": ""cat""}}, {""$unwind"": ""$cat""}, {""$project"": {""_id"": 0, ""name"": ""$cat.name""}}])","db.film.aggregate([{'$match': {'title': 'HUNGER ROOF'}}, {'$lookup': {'from': 'film_category', 'localField': 'film_id', 'foreignField': 'film_id', 'as': 'cat'}}, {'$unwind': '$cat'}, {'$lookup': {'from': 'category', 'localField': 'cat.category_id', 'foreignField': 'category_id', 'as': 'c'}}, {'$unwind': '$c'}, {'$project': {'_id': 0, 'name': '$c.name'}}])",
finetuned,spider-bike_1-81,bike_1,UNREVIEWED_CANDIDATE,KEY_TOLERANT|SINGLE_ROW,key-tolerant,How many different cities have these stations?,"db.station.aggregate([{""$group"": {""_id"": ""$city""}}, {""$count"": ""distinct_city_count""}])","db.station.aggregate([{'$group': {'_id': '$city'}}, {'$count': 'count'}])",
finetuned,spider-chinook_1-39,chinook_1,UNREVIEWED_CANDIDATE,KEY_TOLERANT|SINGLE_ROW,key-tolerant,How many distinct cities does the employees live in?,"db.Employee.aggregate([{""$group"": {""_id"": ""$City""}}, {""$count"": ""distinct_cities""}])","db.Employee.aggregate([{'$group': {'_id': '$City'}}, {'$count': 'count'}])",
finetuned,spider-hr_1-65,hr_1,CONFIRMED_FP,,exact,What are the department ids for which more than 10 employees had a commission?,"db.employees.aggregate([{""$match"": {""COMMISSION_PCT"": {""$ne"": None}}}, {""$group"": {""_id"": ""$DEPARTMENT_ID"", ""count"": {""$sum"": 1}}}, {""$match"": {""count"": {""$gt"": 10}}}, {""$project"": {""_id"": 0, ""DEPARTMENT_ID"": ""$_id""}}])","db.employees.aggregate([{'$group': {'_id': '$DEPARTMENT_ID', 'count': {'$sum': 1}}}, {'$match': {'count': {'$gt': 10}}}, {'$project': {'_id': 0, 'DEPARTMENT_ID': '$_id'}}])",Drops the COMMISSION_PCT != null filter. The question restricts to employees who HAD a commission; this counts all employees per department.
finetuned,spider-csu_1-32,csu_1,UNREVIEWED_CANDIDATE,KEY_TOLERANT|SINGLE_ROW,key-tolerant,How many faculty is there in total in the year of 2002?,"db.faculty.aggregate([{""$match"": {""Year"": 2002}}, {""$group"": {""_id"": None, ""total_faculty"": {""$sum"": ""$Faculty""}}}, {""$project"": {""_id"": 0, ""total_faculty"": 1}}])","db.faculty.aggregate([{'$match': {'Year': 2002}}, {'$group': {'_id': None, 'total': {'$sum': '$Faculty'}}}, {'$project': {'_id': 0, 'total': 1}}])",
finetuned,spider-wine_1-2,wine_1,UNREVIEWED_CANDIDATE,SINGLE_ROW|SORT_SPEC_DIFFERS,exact,What is the color of the grape whose wine products has the highest average price?,"db.wine.aggregate([{""$group"": {""_id"": ""$Grape"", ""avg_price"": {""$avg"": ""$Price""}}}, {""$sort"": {""avg_price"": -1}}, {""$limit"": 1}, {""$lookup"": {""from"": ""grapes"", ""localField"": ""_id"", ""foreignField"": ""Grape"", ""as"": ""g""}}, {""$unwind"": ""$g""}, {""$project"": {""_id"": 0, ""Color"": ""$g.Color""}}])","db.wine.aggregate([{'$group': {'_id': '$Grape', 'avg_price': {'$avg': '$Price'}}}, {'$sort': {'avg_price': -1}}, {'$limit': 1}, {'$lookup': {'from': 'grapes', 'localField': '_id', 'foreignField': 'Grape', 'as': 'gr'}}, {'$unwind': '$gr'}, {'$project': {'_id': 0, 'Color': '$gr.Color'}}])",
finetuned,spider-college_1-81,college_1,FALSE_NEGATIVE_CANDIDATE,VALUES_SET_EQ,no-match,"Find the name of department that offers the class whose description has the word ""Statistics"".","db.COURSE.aggregate([{""$match"": {""CRS_DESCRIPTION"": {""$regex"": ""Statistics""}}}, {""$lookup"": {""from"": ""DEPARTMENT"", ""localField"": ""DEPT_CODE"", ""foreignField"": ""DEPT_CODE"", ""as"": ""dept""}}, {""$unwind"": ""$dept""}, {""$project"": {""_id"": 0, ""dept_name"": ""$dept.DEPT_NAME""}}])","db.CLASS.aggregate([{'$lookup': {'from': 'COURSE', 'localField': 'CRS_CODE', 'foreignField': 'CRS_CODE', 'as': 'c'}}, {'$unwind': '$c'}, {'$match': {'c.CRS_DESCRIPTION': {'$regex': 'Statistics', '$options': 'i'}}}, {'$lookup': {'from': 'DEPARTMENT', 'localField': 'c.DEPT_CODE', 'foreignField': 'DEPT_CODE', 'as': 'd'}}, {'$unwind': '$d'}, {'$project': {'_id': 0, 'DEPT_NAME': '$d.DEPT_NAME'}}])","VALUES_SET_EQ: same value set, different multiplicity"
finetuned,spider-wine_1-25,wine_1,FALSE_NEGATIVE_CANDIDATE,SET_EQ_DUPES_DIFFER,no-match,List the names of all distinct wines that have scores higher than 90.,"db.wine.find({""Score"": {""$gt"": 90}}, {""_id"": 0, ""Name"": 1})","db.wine.aggregate([{'$match': {'Score': {'$gt': 90}}}, {'$group': {'_id': '$Name'}}, {'$project': {'_id': 0, 'Name': '$_id'}}])","SET_EQ_DUPES_DIFFER: same distinct rows, different duplicate counts"
