id,database,in_test_set,verdict,likely_cause,detail,question,gold_sql,gold_pymongo
dk-m4,dog_kennels,False,DISAGREE,TEXT_TYPED_NUMERIC,row count sql=6 vs mongo=8,"Which professionals have done at least two treatments? List the professional's id, role, and first name.","SELECT T1.professional_id , T1.role_code , T1.first_name FROM Professionals AS T1 JOIN Treatments AS T2 ON T1.professional_id = T2.professional_id GROUP BY T1.professional_id HAVING count(*) >= 2","db.Treatments.aggregate([{""$group"": {""_id"": ""$professional_id"", ""treatment_count"": {""$sum"": 1}}}, {""$match"": {""treatment_count"": {""$gte"": 2}}}, {""$lookup"": {""from"": ""Professionals"", ""localField"": ""_id"", ""foreignField"": ""professional_id"", ""as"": ""p""}}, {""$unwind"": ""$p""}, {""$project"": {""_id"": 0, ""professional_id"": ""$_id"", ""role_code"": ""$p.role_code"", ""first_name"": ""$p.first_name""}}])"
spider-concert_singer-9,concert_singer,False,DISAGREE,TIE_OR_RANK,"same row count (1), different values",Which year has most number of concerts?,SELECT YEAR FROM concert GROUP BY YEAR ORDER BY count(*) DESC LIMIT 1,"db.concert.aggregate([{""$group"": {""_id"": ""$Year"", ""concert_count"": {""$sum"": 1}}}, {""$sort"": {""concert_count"": -1}}, {""$limit"": 1}, {""$project"": {""_id"": 0, ""Year"": ""$_id""}}])"
spider-network_1-7,network_1,False,DISAGREE,TIE_OR_RANK,"same row count (1), different values",Which grade has the most high schoolers?,SELECT grade FROM Highschooler GROUP BY grade ORDER BY count(*) DESC LIMIT 1,"db.Highschooler.aggregate([{""$group"": {""_id"": ""$grade"", ""count"": {""$sum"": 1}}}, {""$sort"": {""count"": -1, ""_id"": 1}}, {""$limit"": 1}])"
spider-car_1-10,car_1,False,DISAGREE,TEXT_TYPED_NUMERIC,row count sql=4 vs mongo=1,How many countries has more than 2 car makers ?,select count(*) from countries as t1 join car_makers as t2 on t1.countryid = t2.country group by t1.countryid having count(*) > 2,"db.countries.aggregate([{""$lookup"": {""from"": ""car_makers"", ""let"": {""cid"": ""$CountryId""}, ""pipeline"": [{""$addFields"": {""CountryInt"": {""$toInt"": ""$Country""}}}, {""$match"": {""$expr"": {""$eq"": [""$CountryInt"", ""$$cid""]}}}], ""as"": ""makers""}}, {""$match"": {""$expr"": {""$gt"": [{""$size"": ""$makers""}, 2]}}}, {""$count"": ""count""}])"
spider-car_1-11,car_1,False,DISAGREE,TEXT_TYPED_NUMERIC,row count sql=3 vs mongo=4,"Among the cars with more than lowest horsepower, which ones do not have more than 3 cylinders? List the car makeid and make name.","SELECT T2.MakeId , T2.Make FROM CARS_DATA AS T1 JOIN CAR_NAMES AS T2 ON T1.Id = T2.MakeId WHERE T1.Horsepower > (SELECT min(Horsepower) FROM CARS_DATA) AND T1.Cylinders <= 3;","db.cars_data.aggregate([{""$match"": {""Horsepower"": {""$ne"": ""null""}}}, {""$addFields"": {""HorsepowerNum"": {""$toInt"": ""$Horsepower""}}}, {""$group"": {""_id"": None, ""min_hp"": {""$min"": ""$HorsepowerNum""}, ""rows"": {""$push"": ""$$ROOT""}}}, {""$unwind"": ""$rows""}, {""$match"": {""$expr"": {""$and"": [{""$gt"": [""$rows.HorsepowerNum"", ""$min_hp""]}, {""$lte"": [""$rows.Cylinders"", 3]}]}}}, {""$lookup"": {""from"": ""car_names"", ""localField"": ""rows.Id"", ""foreignField"": ""MakeId"", ""as"": ""car_name""}}, {""$unwind"": ""$car_name""}, {""$project"": {""_id"": 0, ""MakeId"": ""$car_name.MakeId"", ""Make"": ""$car_name.Make""}}, {""$sort"": {""MakeId"": 1}}])"
spider-car_1-12,car_1,False,DISAGREE,TEXT_TYPED_NUMERIC,row count sql=3 vs mongo=4,"Among the cars that do not have the minimum horsepower , what are the make ids and names of all those with less than 4 cylinders ?","select t2.makeid , t2.make from cars_data as t1 join car_names as t2 on t1.id = t2.makeid where t1.horsepower > (select min(horsepower) from cars_data) and t1.cylinders < 4;","db.cars_data.aggregate([{""$match"": {""Horsepower"": {""$ne"": ""null""}}}, {""$addFields"": {""HorsepowerNum"": {""$toInt"": ""$Horsepower""}}}, {""$group"": {""_id"": None, ""min_hp"": {""$min"": ""$HorsepowerNum""}, ""rows"": {""$push"": ""$$ROOT""}}}, {""$unwind"": ""$rows""}, {""$match"": {""$expr"": {""$and"": [{""$gt"": [""$rows.HorsepowerNum"", ""$min_hp""]}, {""$lt"": [""$rows.Cylinders"", 4]}]}}}, {""$lookup"": {""from"": ""car_names"", ""localField"": ""rows.Id"", ""foreignField"": ""MakeId"", ""as"": ""car_name""}}, {""$unwind"": ""$car_name""}, {""$project"": {""_id"": 0, ""MakeId"": ""$car_name.MakeId"", ""Make"": ""$car_name.Make""}}, {""$sort"": {""MakeId"": 1}}])"
spider-car_1-18,car_1,False,DISAGREE,TIE_OR_RANK,"same row count (1), different values",Which model of the car has the minimum horsepower?,SELECT T1.Model FROM CAR_NAMES AS T1 JOIN CARS_DATA AS T2 ON T1.MakeId = T2.Id ORDER BY T2.horsepower ASC LIMIT 1;,"db.cars_data.aggregate([{""$match"": {""Horsepower"": {""$ne"": ""null""}}}, {""$addFields"": {""HorsepowerNum"": {""$toInt"": ""$Horsepower""}}}, {""$sort"": {""HorsepowerNum"": 1}}, {""$limit"": 1}, {""$lookup"": {""from"": ""car_names"", ""localField"": ""Id"", ""foreignField"": ""MakeId"", ""as"": ""car_name""}}, {""$unwind"": ""$car_name""}, {""$project"": {""_id"": 0, ""Model"": ""$car_name.Model""}}])"
spider-car_1-26,car_1,False,DISAGREE,TIE_OR_RANK,"same row count (1), different values",What is the maximum horsepower and the make of the car models with 3 cylinders?,"SELECT T2.horsepower , T1.Make FROM CAR_NAMES AS T1 JOIN CARS_DATA AS T2 ON T1.MakeId = T2.Id WHERE T2.cylinders = 3 ORDER BY T2.horsepower DESC LIMIT 1;","db.cars_data.aggregate([{""$match"": {""Cylinders"": 3, ""Horsepower"": {""$ne"": ""null""}}}, {""$addFields"": {""HorsepowerNum"": {""$toInt"": ""$Horsepower""}}}, {""$sort"": {""HorsepowerNum"": -1}}, {""$limit"": 1}, {""$lookup"": {""from"": ""car_names"", ""localField"": ""Id"", ""foreignField"": ""MakeId"", ""as"": ""car_name""}}, {""$unwind"": ""$car_name""}, {""$project"": {""_id"": 0, ""horsepower"": ""$HorsepowerNum"", ""Make"": ""$car_name.Make""}}])"
spider-car_1-27,car_1,False,DISAGREE,TIE_OR_RANK,"same row count (1), different values","Which model saves the most gasoline? That is to say, have the maximum miles per gallon.",SELECT T1.Model FROM CAR_NAMES AS T1 JOIN CARS_DATA AS T2 ON T1.MakeId = T2.Id ORDER BY T2.mpg DESC LIMIT 1;,"db.cars_data.aggregate([{""$match"": {""MPG"": {""$ne"": ""null""}}}, {""$addFields"": {""MPGNum"": {""$toDouble"": ""$MPG""}}}, {""$sort"": {""MPGNum"": -1}}, {""$limit"": 1}, {""$lookup"": {""from"": ""car_names"", ""localField"": ""Id"", ""foreignField"": ""MakeId"", ""as"": ""car_name""}}, {""$unwind"": ""$car_name""}, {""$project"": {""_id"": 0, ""Model"": ""$car_name.Model""}}])"
spider-car_1-35,car_1,False,DISAGREE,TEXT_TYPED_NUMERIC,"same row count (1), different values",What is the average miles per gallon(mpg) of the cars with 4 cylinders?,SELECT avg(mpg) FROM CARS_DATA WHERE Cylinders = 4;,"db.cars_data.aggregate([{""$match"": {""Cylinders"": 4, ""MPG"": {""$ne"": ""null""}}}, {""$group"": {""_id"": None, ""avg_mpg"": {""$avg"": {""$toDouble"": ""$MPG""}}}}, {""$project"": {""_id"": 0}}])"
spider-car_1-38,car_1,False,DISAGREE,TEXT_TYPED_NUMERIC,"same row count (1), different values",What is the number of the cars with horsepower more than 150?,SELECT count(*) FROM CARS_DATA WHERE horsepower > 150;,"db.cars_data.aggregate([{""$match"": {""Horsepower"": {""$ne"": ""null""}}}, {""$addFields"": {""HorsepowerNum"": {""$toInt"": ""$Horsepower""}}}, {""$match"": {""HorsepowerNum"": {""$gt"": 150}}}, {""$count"": ""count""}])"
spider-car_1-39,car_1,True,DISAGREE,TEXT_TYPED_NUMERIC,"same row count (1), different values",What is the average horsepower of the cars before 1980?,SELECT avg(horsepower) FROM CARS_DATA WHERE YEAR < 1980;,"db.cars_data.aggregate([{""$match"": {""Year"": {""$lt"": 1980}, ""Horsepower"": {""$ne"": ""null""}}}, {""$group"": {""_id"": None, ""avg_horsepower"": {""$avg"": {""$toInt"": ""$Horsepower""}}}}, {""$project"": {""_id"": 0}}])"
spider-car_1-44,car_1,True,DISAGREE,TEXT_TYPED_NUMERIC,"same row count (1), different values",What is the maximum miles per gallon of the car with 8 cylinders or produced before 1980 ?,select max(mpg) from cars_data where cylinders = 8 or year < 1980,"db.cars_data.aggregate([{""$match"": {""$or"": [{""Cylinders"": 8}, {""Year"": {""$lt"": 1980}}], ""MPG"": {""$ne"": ""null""}}}, {""$group"": {""_id"": None, ""max_mpg"": {""$max"": {""$toDouble"": ""$MPG""}}}}, {""$project"": {""_id"": 0}}])"
spider-car_1-46,car_1,False,DISAGREE,TIE_OR_RANK,"same row count (1), different values",How many cars have a larger accelerate than the car with the largest horsepower?,SELECT COUNT(*) FROM CARS_DATA WHERE Accelerate > ( SELECT Accelerate FROM CARS_DATA ORDER BY Horsepower DESC LIMIT 1 );,"db.cars_data.aggregate([{""$facet"": {""threshold"": [{""$match"": {""Horsepower"": {""$ne"": ""null""}}}, {""$addFields"": {""HorsepowerNum"": {""$toInt"": ""$Horsepower""}}}, {""$sort"": {""HorsepowerNum"": -1}}, {""$limit"": 1}, {""$project"": {""_id"": 0, ""Accelerate"": 1}}], ""all_cars"": [{""$project"": {""_id"": 0, ""Accelerate"": 1}}]}}, {""$project"": {""threshold_val"": {""$arrayElemAt"": [""$threshold.Accelerate"", 0]}, ""all_cars"": 1}}, {""$unwind"": ""$all_cars""}, {""$match"": {""$expr"": {""$gt"": [""$all_cars.Accelerate"", ""$threshold_val""]}}}, {""$count"": ""count""}])"
spider-car_1-47,car_1,False,DISAGREE,TIE_OR_RANK,"same row count (1), different values","For the cars with 4 cylinders, which model has the largest horsepower?",SELECT T1.Model FROM CAR_NAMES AS T1 JOIN CARS_DATA AS T2 ON T1.MakeId = T2.Id WHERE T2.Cylinders = 4 ORDER BY T2.horsepower DESC LIMIT 1;,"db.cars_data.aggregate([{""$match"": {""Cylinders"": 4, ""Horsepower"": {""$ne"": ""null""}}}, {""$addFields"": {""HorsepowerNum"": {""$toInt"": ""$Horsepower""}}}, {""$sort"": {""HorsepowerNum"": -1}}, {""$limit"": 1}, {""$lookup"": {""from"": ""car_names"", ""localField"": ""Id"", ""foreignField"": ""MakeId"", ""as"": ""car_name""}}, {""$unwind"": ""$car_name""}, {""$project"": {""_id"": 0, ""Model"": ""$car_name.Model""}}])"
spider-world_1-17,world_1,False,DISAGREE,SET_OP,"one side empty (sql=0 rows, mongo=48 rows)",What are the countries where either English or Dutch is the official language ?,"select t1.name from country as t1 join countrylanguage as t2 on t1.code = t2.countrycode where t2.language = ""english"" and isofficial = ""t"" union select t1.name from country as t1 join countrylanguage as t2 on t1.code = t2.countrycode where t2.language = ""dutch"" and isofficial = ""t""","db.countrylanguage.aggregate([{""$match"": {""IsOfficial"": ""T"", ""Language"": {""$in"": [""English"", ""Dutch""]}}}, {""$lookup"": {""from"": ""country"", ""localField"": ""CountryCode"", ""foreignField"": ""Code"", ""as"": ""c""}}, {""$unwind"": ""$c""}, {""$group"": {""_id"": ""$c.Name""}}, {""$project"": {""_id"": 0, ""Name"": ""$_id""}}, {""$sort"": {""Name"": 1}}])"
spider-world_1-48,world_1,False,DISAGREE,UNCLASSIFIED,"one side empty (sql=0 rows, mongo=359 rows)",Which unique cities are in Asian countries where Chinese is the official language ?,"select distinct t3.name from country as t1 join countrylanguage as t2 on t1.code = t2.countrycode join city as t3 on t1.code = t3.countrycode where t2.isofficial = 't' and t2.language = 'chinese' and t1.continent = ""asia""","db.country.aggregate([{""$match"": {""Continent"": ""Asia""}}, {""$lookup"": {""from"": ""countrylanguage"", ""let"": {""code"": ""$Code""}, ""pipeline"": [{""$match"": {""$expr"": {""$and"": [{""$eq"": [""$CountryCode"", ""$$code""]}, {""$eq"": [""$Language"", ""Chinese""]}, {""$eq"": [""$IsOfficial"", ""T""]}]}}}], ""as"": ""chinese_official""}}, {""$match"": {""chinese_official"": {""$ne"": []}}}, {""$lookup"": {""from"": ""city"", ""localField"": ""Code"", ""foreignField"": ""CountryCode"", ""as"": ""cities""}}, {""$unwind"": ""$cities""}, {""$group"": {""_id"": ""$cities.Name""}}, {""$project"": {""_id"": 0, ""Name"": ""$_id""}}, {""$sort"": {""Name"": 1}}])"
spider-world_1-57,world_1,False,DISAGREE,UNCLASSIFIED,"same row count (233), different values",What is the language spoken by the largest percentage of people in each country?,"SELECT LANGUAGE , CountryCode , max(Percentage) FROM countrylanguage GROUP BY CountryCode","db.countrylanguage.aggregate([{""$sort"": {""CountryCode"": 1, ""Percentage"": -1}}, {""$group"": {""_id"": ""$CountryCode"", ""Language"": {""$first"": ""$Language""}, ""max_percentage"": {""$first"": ""$Percentage""}}}, {""$project"": {""_id"": 0, ""CountryCode"": ""$_id"", ""Language"": 1, ""max_percentage"": 1}}, {""$sort"": {""CountryCode"": 1}}])"
spider-world_1-58,world_1,False,DISAGREE,TEXT_TYPED_NUMERIC,row count sql=28 vs mongo=1,What is the total number of countries where Spanish is spoken by the largest percentage of people?,"SELECT count(*) , max(Percentage) FROM countrylanguage WHERE LANGUAGE = ""Spanish"" GROUP BY CountryCode","db.countrylanguage.aggregate([{""$sort"": {""CountryCode"": 1, ""Percentage"": -1}}, {""$group"": {""_id"": ""$CountryCode"", ""Language"": {""$first"": ""$Language""}}}, {""$match"": {""Language"": ""Spanish""}}, {""$count"": ""total""}])"
spider-world_1-62,world_1,True,DISAGREE,AGGREGATE_OVER_TEXT,"same row count (1), different values",What is the total population and average area of countries in the continent of North America whose area is bigger than 3000 ?,"select sum(population) , avg(surfacearea) from country where continent = ""north america"" and surfacearea > 3000","db.country.aggregate([{""$match"": {""Continent"": ""North America"", ""SurfaceArea"": {""$gt"": 3000}}}, {""$group"": {""_id"": None, ""total_population"": {""$sum"": ""$Population""}, ""avg_surface_area"": {""$avg"": ""$SurfaceArea""}}}, {""$project"": {""_id"": 0, ""total_population"": 1, ""avg_surface_area"": 1}}])"
spider-dog_kennels-2,dog_kennels,False,DISAGREE,TEXT_TYPED_NUMERIC,row count sql=6 vs mongo=8,"What are the id, role, and first name of the professionals who have performed two or more treatments?","SELECT T1.professional_id , T1.role_code , T1.first_name FROM Professionals AS T1 JOIN Treatments AS T2 ON T1.professional_id = T2.professional_id GROUP BY T1.professional_id HAVING count(*) >= 2","db.Treatments.aggregate([{""$group"": {""_id"": ""$professional_id"", ""treatment_count"": {""$sum"": 1}}}, {""$match"": {""treatment_count"": {""$gte"": 2}}}, {""$lookup"": {""from"": ""Professionals"", ""localField"": ""_id"", ""foreignField"": ""professional_id"", ""as"": ""p""}}, {""$unwind"": ""$p""}, {""$project"": {""_id"": 0, ""professional_id"": ""$_id"", ""role_code"": ""$p.role_code"", ""first_name"": ""$p.first_name""}}, {""$sort"": {""professional_id"": 1}}])"
spider-dog_kennels-7,dog_kennels,False,DISAGREE,TEXT_TYPED_NUMERIC,row count sql=6 vs mongo=4,Which professionals have done at least two types of treatments? List the professional id and cell phone.,"SELECT T1.professional_id , T1.cell_number FROM Professionals AS T1 JOIN Treatments AS T2 ON T1.professional_id = T2.professional_id GROUP BY T1.professional_id HAVING count(*) >= 2","db.Treatments.aggregate([{""$group"": {""_id"": ""$professional_id"", ""types"": {""$addToSet"": ""$treatment_type_code""}}}, {""$match"": {""$expr"": {""$gte"": [{""$size"": ""$types""}, 2]}}}, {""$lookup"": {""from"": ""Professionals"", ""localField"": ""_id"", ""foreignField"": ""professional_id"", ""as"": ""p""}}, {""$unwind"": ""$p""}, {""$project"": {""_id"": 0, ""professional_id"": ""$_id"", ""cell_number"": ""$p.cell_number""}}, {""$sort"": {""professional_id"": 1}}])"
spider-dog_kennels-8,dog_kennels,False,DISAGREE,AGGREGATE_OVER_TEXT,row count sql=15 vs mongo=5,What are the first name and last name of the professionals who have done treatment with cost below average?,"SELECT DISTINCT T1.first_name , T1.last_name FROM Professionals AS T1 JOIN Treatments AS T2 WHERE cost_of_treatment < ( SELECT avg(cost_of_treatment) FROM Treatments )","db.Treatments.aggregate([{""$group"": {""_id"": None, ""avg_cost"": {""$avg"": ""$cost_of_treatment""}, ""rows"": {""$push"": {""professional_id"": ""$professional_id"", ""cost"": ""$cost_of_treatment""}}}}, {""$unwind"": ""$rows""}, {""$match"": {""$expr"": {""$lt"": [""$rows.cost"", ""$avg_cost""]}}}, {""$group"": {""_id"": ""$rows.professional_id""}}, {""$lookup"": {""from"": ""Professionals"", ""localField"": ""_id"", ""foreignField"": ""professional_id"", ""as"": ""p""}}, {""$unwind"": ""$p""}, {""$project"": {""_id"": 0, ""first_name"": ""$p.first_name"", ""last_name"": ""$p.last_name""}}, {""$sort"": {""first_name"": 1, ""last_name"": 1}}])"
spider-dog_kennels-9,dog_kennels,False,DISAGREE_CARDINALITY,JOIN_FANOUT,"same distinct rows, sql=5 vs mongo=10",List the names of the dogs of the rarest breed and the treatment dates of them.,"SELECT T1.name , T2.date_of_treatment FROM Dogs AS T1 JOIN Treatments AS T2 ON T1.dog_id = T2.dog_id WHERE T1.breed_code = ( SELECT breed_code FROM Dogs GROUP BY breed_code ORDER BY count(*) ASC LIMIT 1 )","db.Dogs.aggregate([{""$lookup"": {""from"": ""Dogs"", ""pipeline"": [{""$group"": {""_id"": ""$breed_code"", ""cnt"": {""$sum"": 1}}}, {""$sort"": {""cnt"": 1}}, {""$limit"": 1}], ""as"": ""rarest""}}, {""$unwind"": ""$rarest""}, {""$match"": {""$expr"": {""$eq"": [""$breed_code"", ""$rarest._id""]}}}, {""$lookup"": {""from"": ""Treatments"", ""localField"": ""dog_id"", ""foreignField"": ""dog_id"", ""as"": ""t""}}, {""$unwind"": ""$t""}, {""$project"": {""_id"": 0, ""name"": 1, ""date_of_treatment"": ""$t.date_of_treatment""}}, {""$sort"": {""name"": 1, ""date_of_treatment"": 1}}])"
spider-dog_kennels-10,dog_kennels,False,DISAGREE,TEXT_TYPED_NUMERIC,row count sql=3 vs mongo=1,List the last name of the owner owning the youngest dog.,SELECT T1.last_name FROM Owners AS T1 JOIN Dogs AS T2 ON T1.owner_id = T2.owner_id WHERE T2.age = ( SELECT max(age) FROM Dogs ),"db.Dogs.aggregate([{""$addFields"": {""age_num"": {""$toInt"": ""$age""}}}, {""$group"": {""_id"": None, ""min_age"": {""$min"": ""$age_num""}, ""rows"": {""$push"": ""$$ROOT""}}}, {""$unwind"": ""$rows""}, {""$match"": {""$expr"": {""$eq"": [""$rows.age_num"", ""$min_age""]}}}, {""$lookup"": {""from"": ""Owners"", ""localField"": ""rows.owner_id"", ""foreignField"": ""owner_id"", ""as"": ""o""}}, {""$unwind"": ""$o""}, {""$project"": {""_id"": 0, ""last_name"": ""$o.last_name""}}, {""$sort"": {""last_name"": 1}}])"
spider-dog_kennels-13,dog_kennels,False,DISAGREE,SET_OP,row count sql=3 vs mongo=7,"Which professionals live in the state of Indiana or have done treatment on more than 2 treatments? List his or her id, last name and cell phone.","SELECT professional_id , last_name , cell_number FROM Professionals WHERE state = 'Indiana' UNION SELECT T1.professional_id , T1.last_name , T1.cell_number FROM Professionals AS T1 JOIN Treatments AS T2 ON T1.professional_id = T2.professional_id GROUP BY T1.professional_id HAVING count(*) > 2","db.Professionals.aggregate([{""$lookup"": {""from"": ""Treatments"", ""localField"": ""professional_id"", ""foreignField"": ""professional_id"", ""as"": ""t""}}, {""$addFields"": {""treatment_count"": {""$size"": ""$t""}}}, {""$match"": {""$or"": [{""state"": ""Indiana""}, {""treatment_count"": {""$gt"": 2}}]}}, {""$project"": {""_id"": 0, ""professional_id"": 1, ""last_name"": 1, ""cell_number"": 1}}, {""$sort"": {""professional_id"": 1}}])"
spider-dog_kennels-17,dog_kennels,False,DISAGREE_CARDINALITY,JOIN_FANOUT,"same distinct rows, sql=15 vs mongo=30","List the date of each treatment, together with the first name of the professional who operated it.","SELECT T1.date_of_treatment , T2.first_name FROM Treatments AS T1 JOIN Professionals AS T2 ON T1.professional_id = T2.professional_id","db.Treatments.aggregate([{""$lookup"": {""from"": ""Professionals"", ""localField"": ""professional_id"", ""foreignField"": ""professional_id"", ""as"": ""p""}}, {""$unwind"": ""$p""}, {""$sort"": {""date_of_treatment"": 1, ""treatment_id"": 1}}, {""$project"": {""_id"": 0, ""date_of_treatment"": 1, ""first_name"": ""$p.first_name""}}])"
spider-dog_kennels-18,dog_kennels,False,DISAGREE_CARDINALITY,JOIN_FANOUT,"same distinct rows, sql=15 vs mongo=30",List the cost of each treatment and the corresponding treatment type description.,"SELECT T1.cost_of_treatment , T2.treatment_type_description FROM Treatments AS T1 JOIN treatment_types AS T2 ON T1.treatment_type_code = T2.treatment_type_code","db.Treatments.aggregate([{""$lookup"": {""from"": ""Treatment_Types"", ""localField"": ""treatment_type_code"", ""foreignField"": ""treatment_type_code"", ""as"": ""tt""}}, {""$unwind"": ""$tt""}, {""$sort"": {""treatment_id"": 1}}, {""$project"": {""_id"": 0, ""cost_of_treatment"": 1, ""treatment_type_description"": ""$tt.treatment_type_description""}}])"
spider-apartment_rentals-1,apartment_rentals,False,DISAGREE,UNCLASSIFIED,"same row count (15), different values","Show the apartment numbers, start dates, and end dates of all the apartment bookings.","SELECT T2.apt_number , T1.booking_start_date , T1.booking_start_date FROM Apartment_Bookings AS T1 JOIN Apartments AS T2 ON T1.apt_id = T2.apt_id","db.Apartment_Bookings.aggregate([{""$lookup"": {""from"": ""Apartments"", ""localField"": ""apt_id"", ""foreignField"": ""apt_id"", ""as"": ""apt""}}, {""$unwind"": ""$apt""}, {""$project"": {""_id"": 0, ""apt_number"": ""$apt.apt_number"", ""booking_start_date"": 1, ""booking_end_date"": 1}}])"
spider-apartment_rentals-2,apartment_rentals,False,DISAGREE,UNCLASSIFIED,"same row count (7), different values","What are the booking start and end dates of the apartments with type code ""Duplex""?","SELECT T1.booking_start_date , T1.booking_start_date FROM Apartment_Bookings AS T1 JOIN Apartments AS T2 ON T1.apt_id = T2.apt_id WHERE T2.apt_type_code = ""Duplex""","db.Apartment_Bookings.aggregate([{""$lookup"": {""from"": ""Apartments"", ""localField"": ""apt_id"", ""foreignField"": ""apt_id"", ""as"": ""apt""}}, {""$unwind"": ""$apt""}, {""$match"": {""apt.apt_type_code"": ""Duplex""}}, {""$project"": {""_id"": 0, ""booking_start_date"": 1, ""booking_end_date"": 1}}])"
spider-apartment_rentals-3,apartment_rentals,False,DISAGREE,UNCLASSIFIED,"same row count (15), different values",What are the booking start and end dates of the apartments with more than 2 bedrooms?,"SELECT T1.booking_start_date , T1.booking_start_date FROM Apartment_Bookings AS T1 JOIN Apartments AS T2 ON T1.apt_id = T2.apt_id WHERE T2.bedroom_count > 2","db.Apartment_Bookings.aggregate([{""$lookup"": {""from"": ""Apartments"", ""localField"": ""apt_id"", ""foreignField"": ""apt_id"", ""as"": ""apt""}}, {""$unwind"": ""$apt""}, {""$match"": {""apt.bedroom_count"": {""$gt"": 2}}}, {""$project"": {""_id"": 0, ""booking_start_date"": 1, ""booking_end_date"": 1}}])"
spider-apartment_rentals-7,apartment_rentals,False,DISAGREE,UNCLASSIFIED,"same row count (15), different values","Show the guest first names, start dates, and end dates of all the apartment bookings.","SELECT T2.guest_first_name , T1.booking_start_date , T1.booking_start_date FROM Apartment_Bookings AS T1 JOIN Guests AS T2 ON T1.guest_id = T2.guest_id","db.Apartment_Bookings.aggregate([{""$lookup"": {""from"": ""Guests"", ""localField"": ""guest_id"", ""foreignField"": ""guest_id"", ""as"": ""guest""}}, {""$unwind"": ""$guest""}, {""$project"": {""_id"": 0, ""guest_first_name"": ""$guest.guest_first_name"", ""booking_start_date"": 1, ""booking_end_date"": 1}}])"
spider-apartment_rentals-8,apartment_rentals,True,DISAGREE,UNCLASSIFIED,"same row count (9), different values","Show the start dates and end dates of all the apartment bookings made by guests with gender code ""Female"".","SELECT T1.booking_start_date , T1.booking_start_date FROM Apartment_Bookings AS T1 JOIN Guests AS T2 ON T1.guest_id = T2.guest_id WHERE T2.gender_code = ""Female""","db.Apartment_Bookings.aggregate([{""$lookup"": {""from"": ""Guests"", ""localField"": ""guest_id"", ""foreignField"": ""guest_id"", ""as"": ""guest""}}, {""$unwind"": ""$guest""}, {""$match"": {""guest.gender_code"": ""Female""}}, {""$project"": {""_id"": 0, ""booking_start_date"": 1, ""booking_end_date"": 1}}])"
spider-apartment_rentals-32,apartment_rentals,False,DISAGREE,TIE_OR_RANK,"same row count (1), different values",Show the most common apartment type code among apartments with more than 1 bathroom.,SELECT apt_type_code FROM Apartments WHERE bathroom_count > 1 GROUP BY apt_type_code ORDER BY count(*) DESC LIMIT 1,"db.Apartments.aggregate([{""$match"": {""bathroom_count"": {""$gt"": 1}}}, {""$group"": {""_id"": ""$apt_type_code"", ""count"": {""$sum"": 1}}}, {""$sort"": {""count"": -1}}, {""$limit"": 1}, {""$project"": {""_id"": 0, ""apt_type_code"": ""$_id""}}])"
spider-bike_1-2,bike_1,True,DISAGREE,AGGREGATE_OVER_TEXT,row count sql=5 vs mongo=1323,Give me ids for all the trip that took place in a zip code area with average mean temperature above 60.,SELECT T1.id FROM trip AS T1 JOIN weather AS T2 ON T1.zip_code = T2.zip_code GROUP BY T2.zip_code HAVING avg(T2.mean_temperature_f) > 60,"db.weather.aggregate([{""$group"": {""_id"": ""$zip_code"", ""avg_temp"": {""$avg"": ""$mean_temperature_f""}}}, {""$match"": {""avg_temp"": {""$gt"": 60}}}, {""$lookup"": {""from"": ""trip"", ""localField"": ""_id"", ""foreignField"": ""zip_code"", ""as"": ""trips""}}, {""$unwind"": ""$trips""}, {""$project"": {""_id"": 0, ""id"": ""$trips.id""}}])"
spider-bike_1-9,bike_1,True,DISAGREE,AGGREGATE_OVER_TEXT,"same row count (5), different values","For each zip code, return the average mean temperature of August there.","SELECT zip_code , avg(mean_temperature_f) FROM weather WHERE date LIKE ""8/%"" GROUP BY zip_code","db.weather.aggregate([{""$match"": {""date"": {""$regex"": ""^8/""}}}, {""$group"": {""_id"": ""$zip_code"", ""avg_mean_temperature_f"": {""$avg"": ""$mean_temperature_f""}}}, {""$project"": {""_id"": 0, ""zip_code"": ""$_id"", ""avg_mean_temperature_f"": 1}}])"
spider-bike_1-12,bike_1,False,DISAGREE,TIE_OR_RANK,"same row count (1), different values",Which bike traveled the most often in zip code 94002?,SELECT bike_id FROM trip WHERE zip_code = 94002 GROUP BY bike_id ORDER BY COUNT(*) DESC LIMIT 1,"db.trip.aggregate([{""$match"": {""zip_code"": 94002}}, {""$group"": {""_id"": ""$bike_id"", ""count"": {""$sum"": 1}}}, {""$sort"": {""count"": -1}}, {""$limit"": 1}, {""$project"": {""_id"": 0, ""bike_id"": ""$_id""}}])"
spider-bike_1-16,bike_1,False,DISAGREE,TIE_OR_RANK,"same row count (1), different values",What is the zip code in which the average mean sea level pressure is the lowest?,SELECT zip_code FROM weather GROUP BY zip_code ORDER BY avg(mean_sea_level_pressure_inches) LIMIT 1,"db.weather.aggregate([{""$group"": {""_id"": ""$zip_code"", ""avg_pressure"": {""$avg"": ""$mean_sea_level_pressure_inches""}}}, {""$sort"": {""avg_pressure"": 1}}, {""$limit"": 1}, {""$project"": {""_id"": 0, ""zip_code"": ""$_id""}}])"
spider-bike_1-19,bike_1,False,DISAGREE,UNCLASSIFIED,"same row count (5), different values","For each zip code, return how many times max wind speed reached 25?","SELECT zip_code , count(*) FROM weather WHERE max_wind_Speed_mph >= 25 GROUP BY zip_code","db.weather.aggregate([{""$match"": {""max_wind_Speed_mph"": {""$gte"": 25}}}, {""$group"": {""_id"": ""$zip_code"", ""count"": {""$sum"": 1}}}, {""$project"": {""_id"": 0, ""zip_code"": ""$_id"", ""count"": 1}}])"
spider-bike_1-24,bike_1,False,DISAGREE,TEXT_TYPED_NUMERIC,row count sql=179 vs mongo=175,Give me the dates when the max temperature was higher than 85.,SELECT date FROM weather WHERE max_temperature_f > 85,"db.weather.find({""max_temperature_f"": {""$gt"": 85}}, {""_id"": 0, ""date"": 1})"
spider-bike_1-31,bike_1,False,DISAGREE,UNCLASSIFIED,"same row count (1), different values",How many days had both mean humidity above 50 and mean visibility above 8?,SELECT COUNT(*) FROM weather WHERE mean_humidity > 50 AND mean_visibility_miles > 8,"db.weather.count_documents({""mean_humidity"": {""$gt"": 50}, ""mean_visibility_miles"": {""$gt"": 8}})"
spider-bike_1-32,bike_1,False,DISAGREE,TEXT_TYPED_NUMERIC,row count sql=502 vs mongo=498,When and in what zip code did max temperature reach 80?,"SELECT date , zip_code FROM weather WHERE max_temperature_f >= 80","db.weather.find({""max_temperature_f"": {""$gte"": 80}}, {""_id"": 0, ""date"": 1, ""zip_code"": 1})"
spider-bike_1-43,bike_1,False,DISAGREE,UNCLASSIFIED,"same row count (5), different values",What are the dates that had the top 5 cloud cover rates? Also tell me the cloud cover rate.,"SELECT date , cloud_cover FROM weather ORDER BY cloud_cover DESC LIMIT 5","db.weather.find({}, {""_id"": 0, ""date"": 1, ""cloud_cover"": 1}).sort({""cloud_cover"": -1}).limit(5)"
spider-car_1-75,car_1,False,DISAGREE,TEXT_TYPED_NUMERIC,"same row count (1), different values",What is the average horsepower for all cars produced before 1980 ?,select avg(horsepower) from cars_data where year < 1980;,"db.cars_data.aggregate([{""$match"": {""Year"": {""$lt"": 1980}, ""Horsepower"": {""$ne"": ""null""}}}, {""$addFields"": {""HorsepowerNum"": {""$toInt"": ""$Horsepower""}}}, {""$group"": {""_id"": None, ""avg_horsepower"": {""$avg"": ""$HorsepowerNum""}}}, {""$project"": {""_id"": 0, ""avg_horsepower"": 1}}])"
spider-car_1-81,car_1,True,DISAGREE,TEXT_TYPED_NUMERIC,"same row count (1), different values",What is the maximum mpg of the cars that had 8 cylinders or that were produced before 1980 ?,select max(mpg) from cars_data where cylinders = 8 or year < 1980,"db.cars_data.aggregate([{""$match"": {""$or"": [{""Cylinders"": 8}, {""Year"": {""$lt"": 1980}}], ""MPG"": {""$ne"": ""null""}}}, {""$addFields"": {""MPGNum"": {""$toDouble"": ""$MPG""}}}, {""$group"": {""_id"": None, ""max_mpg"": {""$max"": ""$MPGNum""}}}, {""$project"": {""_id"": 0, ""max_mpg"": 1}}])"
spider-college_1-7,college_1,False,DISAGREE,TIE_OR_RANK,"same row count (1), different values",What is the name of department where has the smallest number of professors?,SELECT T2.dept_name FROM professor AS T1 JOIN department AS T2 ON T1.dept_code = T2.dept_code GROUP BY T1.dept_code ORDER BY count(*) LIMIT 1,"db.PROFESSOR.aggregate([{""$group"": {""_id"": ""$DEPT_CODE"", ""count"": {""$sum"": 1}}}, {""$sort"": {""count"": 1}}, {""$limit"": 1}, {""$lookup"": {""from"": ""DEPARTMENT"", ""localField"": ""_id"", ""foreignField"": ""DEPT_CODE"", ""as"": ""dept""}}, {""$unwind"": ""$dept""}, {""$project"": {""_id"": 0, ""dept_name"": ""$dept.DEPT_NAME""}}])"
spider-college_1-8,college_1,True,DISAGREE,TIE_OR_RANK,"same row count (1), different values",What is the name of department where has the largest number of professors with a Ph.D. degree?,"SELECT T2.dept_name , T1.dept_code FROM professor AS T1 JOIN department AS T2 ON T1.dept_code = T2.dept_code WHERE T1.prof_high_degree = 'Ph.D.' GROUP BY T1.dept_code ORDER BY count(*) DESC LIMIT 1","db.PROFESSOR.aggregate([{""$match"": {""PROF_HIGH_DEGREE"": ""Ph.D.""}}, {""$group"": {""_id"": ""$DEPT_CODE"", ""count"": {""$sum"": 1}}}, {""$sort"": {""count"": -1}}, {""$limit"": 1}, {""$lookup"": {""from"": ""DEPARTMENT"", ""localField"": ""_id"", ""foreignField"": ""DEPT_CODE"", ""as"": ""dept""}}, {""$unwind"": ""$dept""}, {""$project"": {""_id"": 0, ""dept_name"": ""$dept.DEPT_NAME"", ""dept_code"": ""$_id""}}])"
spider-college_1-13,college_1,True,DISAGREE,TEXT_TYPED_NUMERIC,row count sql=3 vs mongo=2,"Find the name, address, number of students in the departments that have the top 3 highest number of students.","SELECT T2.dept_name , T2.dept_address , count(*) FROM student AS T1 JOIN department AS T2 ON T1.dept_code = T2.dept_code GROUP BY T1.dept_code ORDER BY count(*) DESC LIMIT 3","db.STUDENT.aggregate([{""$group"": {""_id"": ""$DEPT_CODE"", ""count"": {""$sum"": 1}}}, {""$sort"": {""count"": -1}}, {""$limit"": 3}, {""$lookup"": {""from"": ""DEPARTMENT"", ""localField"": ""_id"", ""foreignField"": ""DEPT_CODE"", ""as"": ""dept""}}, {""$unwind"": ""$dept""}, {""$project"": {""_id"": 0, ""dept_name"": ""$dept.DEPT_NAME"", ""dept_address"": ""$dept.DEPT_ADDRESS"", ""count"": 1}}])"
spider-college_1-49,college_1,False,DISAGREE,SET_OP,row count sql=14 vs mongo=16,What are the first names of the professors who do not teach a class.,SELECT emp_fname FROM employee WHERE emp_jobcode = 'PROF' EXCEPT SELECT T1.emp_fname FROM employee AS T1 JOIN CLASS AS T2 ON T1.emp_num = T2.prof_num,"db.EMPLOYEE.aggregate([{""$match"": {""EMP_JOBCODE"": ""PROF""}}, {""$lookup"": {""from"": ""CLASS"", ""localField"": ""EMP_NUM"", ""foreignField"": ""PROF_NUM"", ""as"": ""classes""}}, {""$match"": {""classes"": {""$eq"": []}}}, {""$project"": {""_id"": 0, ""emp_fname"": ""$EMP_FNAME""}}])"
spider-college_2-36,college_2,False,DISAGREE,TIE_OR_RANK,"same row count (1), different values",Find the year which offers the largest number of courses.,SELECT YEAR FROM SECTION GROUP BY YEAR ORDER BY count(*) DESC LIMIT 1,"db.section.aggregate([{""$group"": {""_id"": ""$year"", ""count"": {""$sum"": 1}}}, {""$sort"": {""count"": -1}}, {""$limit"": 1}, {""$project"": {""_id"": 0, ""year"": ""$_id""}}])"
spider-college_2-37,college_2,False,DISAGREE,TIE_OR_RANK,"same row count (1), different values",Find the year and semester when offers the largest number of courses.,"SELECT semester , YEAR FROM SECTION GROUP BY semester , YEAR ORDER BY count(*) DESC LIMIT 1","db.section.aggregate([{""$group"": {""_id"": {""semester"": ""$semester"", ""year"": ""$year""}, ""count"": {""$sum"": 1}}}, {""$sort"": {""count"": -1}}, {""$limit"": 1}, {""$project"": {""_id"": 0, ""semester"": ""$_id.semester"", ""year"": ""$_id.year""}}])"
spider-college_2-70,college_2,False,DISAGREE,TIE_OR_RANK,"same row count (1), different values",Find the number and averaged salary of all instructors who are in the department with the highest budget.,"SELECT avg(T1.salary) , count(*) FROM instructor AS T1 JOIN department AS T2 ON T1.dept_name = T2.dept_name ORDER BY T2.budget DESC LIMIT 1","db.department.aggregate([{""$sort"": {""budget"": -1}}, {""$limit"": 1}, {""$lookup"": {""from"": ""instructor"", ""localField"": ""dept_name"", ""foreignField"": ""dept_name"", ""as"": ""instr""}}, {""$unwind"": ""$instr""}, {""$group"": {""_id"": None, ""avgSalary"": {""$avg"": ""$instr.salary""}, ""count"": {""$sum"": 1}}}, {""$project"": {""_id"": 0, ""avgSalary"": 1, ""count"": 1}}])"
spider-concert_singer-12,concert_singer,False,DISAGREE,UNCLASSIFIED,"same row count (1), different values",What is the maximum capacity and the average of all stadiums ?,"select max(capacity), average from stadium","db.stadium.aggregate([{""$group"": {""_id"": None, ""max_capacity"": {""$max"": ""$Capacity""}, ""average"": {""$first"": ""$Average""}}}, {""$project"": {""_id"": 0}}])"
spider-dog_kennels-6,dog_kennels,False,DISAGREE,TEXT_TYPED_NUMERIC,row count sql=6 vs mongo=8,Find the id and cell phone of the professionals who operate two or more types of treatments.,"SELECT T1.professional_id , T1.cell_number FROM Professionals AS T1 JOIN Treatments AS T2 ON T1.professional_id = T2.professional_id GROUP BY T1.professional_id HAVING count(*) >= 2","db.Treatments.aggregate([{""$group"": {""_id"": ""$professional_id"", ""count"": {""$sum"": 1}}}, {""$match"": {""count"": {""$gte"": 2}}}, {""$lookup"": {""from"": ""Professionals"", ""localField"": ""_id"", ""foreignField"": ""professional_id"", ""as"": ""p""}}, {""$unwind"": ""$p""}, {""$project"": {""_id"": 0, ""professional_id"": ""$_id"", ""cell_number"": ""$p.cell_number""}}])"
spider-flight_2-3,flight_2,True,DISAGREE,UNCLASSIFIED,"one side empty (sql=0 rows, mongo=1 rows)",What is the code of airport that has the highest number of flights?,SELECT T1.AirportCode FROM AIRPORTS AS T1 JOIN FLIGHTS AS T2 ON T1.AirportCode = T2.DestAirport OR T1.AirportCode = T2.SourceAirport GROUP BY T1.AirportCode ORDER BY count(*) DESC LIMIT 1,"db.airports.aggregate([{""$lookup"": {""from"": ""flights"", ""localField"": ""AirportCode"", ""foreignField"": ""DestAirport"", ""as"": ""as_dest""}}, {""$lookup"": {""from"": ""flights"", ""localField"": ""AirportCode"", ""foreignField"": ""SourceAirport"", ""as"": ""as_source""}}, {""$addFields"": {""flight_count"": {""$add"": [{""$size"": ""$as_dest""}, {""$size"": ""$as_source""}]}}}, {""$sort"": {""flight_count"": -1}}, {""$limit"": 1}, {""$project"": {""_id"": 0, ""AirportCode"": 1}}])"
spider-flight_2-4,flight_2,False,DISAGREE,UNCLASSIFIED,"one side empty (sql=0 rows, mongo=1 rows)",What is the code of airport that has fewest number of flights?,SELECT T1.AirportCode FROM AIRPORTS AS T1 JOIN FLIGHTS AS T2 ON T1.AirportCode = T2.DestAirport OR T1.AirportCode = T2.SourceAirport GROUP BY T1.AirportCode ORDER BY count(*) LIMIT 1,"db.airports.aggregate([{""$lookup"": {""from"": ""flights"", ""localField"": ""AirportCode"", ""foreignField"": ""DestAirport"", ""as"": ""as_dest""}}, {""$lookup"": {""from"": ""flights"", ""localField"": ""AirportCode"", ""foreignField"": ""SourceAirport"", ""as"": ""as_source""}}, {""$addFields"": {""flight_count"": {""$add"": [{""$size"": ""$as_dest""}, {""$size"": ""$as_source""}]}}}, {""$sort"": {""flight_count"": 1}}, {""$limit"": 1}, {""$project"": {""_id"": 0, ""AirportCode"": 1}}])"
spider-flight_2-5,flight_2,False,DISAGREE,TIE_OR_RANK,"same row count (1), different values",Which airline has most number of flights?,SELECT T1.Airline FROM AIRLINES AS T1 JOIN FLIGHTS AS T2 ON T1.uid = T2.Airline GROUP BY T1.Airline ORDER BY count(*) DESC LIMIT 1,"db.airlines.aggregate([{""$lookup"": {""from"": ""flights"", ""localField"": ""uid"", ""foreignField"": ""Airline"", ""as"": ""fl""}}, {""$match"": {""fl"": {""$ne"": []}}}, {""$addFields"": {""count"": {""$size"": ""$fl""}}}, {""$sort"": {""count"": -1}}, {""$limit"": 1}, {""$project"": {""_id"": 0, ""Airline"": 1}}])"
spider-flight_2-6,flight_2,False,DISAGREE,TIE_OR_RANK,"same row count (1), different values",Find the abbreviation and country of the airline that has fewest number of flights?,"SELECT T1.Abbreviation , T1.Country FROM AIRLINES AS T1 JOIN FLIGHTS AS T2 ON T1.uid = T2.Airline GROUP BY T1.Airline ORDER BY count(*) LIMIT 1","db.airlines.aggregate([{""$lookup"": {""from"": ""flights"", ""localField"": ""uid"", ""foreignField"": ""Airline"", ""as"": ""fl""}}, {""$match"": {""fl"": {""$ne"": []}}}, {""$addFields"": {""count"": {""$size"": ""$fl""}}}, {""$sort"": {""count"": 1}}, {""$limit"": 1}, {""$project"": {""_id"": 0, ""Abbreviation"": 1, ""Country"": 1}}])"
spider-hr_1-4,hr_1,True,DISAGREE,TEXT_TYPED_NUMERIC,row count sql=88 vs mongo=100,"display the full name (first and last), hire date, salary, and department number for those employees whose first name does not containing the letter M and make the result set in ascending order by department number.","SELECT first_name , last_name , hire_date , salary , department_id FROM employees WHERE first_name NOT LIKE '%M%' ORDER BY department_id","db.employees.find({""FIRST_NAME"": {""$not"": {""$regex"": ""M""}}}, {""_id"": 0, ""FIRST_NAME"": 1, ""LAST_NAME"": 1, ""HIRE_DATE"": 1, ""SALARY"": 1, ""DEPARTMENT_ID"": 1}).sort({""DEPARTMENT_ID"": 1})"
spider-hr_1-5,hr_1,False,DISAGREE,TEXT_TYPED_NUMERIC,row count sql=48 vs mongo=22,display all the information for all employees who have the letters D or S in their first name and also arrange the result in descending order by salary.,SELECT * FROM employees WHERE first_name LIKE '%D%' OR first_name LIKE '%S%' ORDER BY salary DESC,"db.employees.find({""$or"": [{""FIRST_NAME"": {""$regex"": ""D""}}, {""FIRST_NAME"": {""$regex"": ""S""}}]}, {""_id"": 0}).sort({""SALARY"": -1})"
spider-hr_1-14,hr_1,False,DISAGREE,UNCLASSIFIED,"same row count (4), different values",Can you return all detailed info of jobs which was done by any of the employees who is presently earning a salary on and above 12000?,SELECT * FROM job_history AS T1 JOIN employees AS T2 ON T1.employee_id = T2.employee_id WHERE T2.salary >= 12000,"db.job_history.aggregate([{""$lookup"": {""from"": ""employees"", ""localField"": ""EMPLOYEE_ID"", ""foreignField"": ""EMPLOYEE_ID"", ""as"": ""emp""}}, {""$unwind"": ""$emp""}, {""$match"": {""emp.SALARY"": {""$gte"": 12000}}}, {""$project"": {""_id"": 0}}])"
spider-hr_1-22,hr_1,True,DISAGREE,UNCLASSIFIED,"same row count (11), different values",get the details of employees who manage a department.,SELECT DISTINCT * FROM employees AS T1 JOIN departments AS T2 ON T1.department_id = T2.department_id WHERE T1.employee_id = T2.manager_id,"db.employees.aggregate([{""$lookup"": {""from"": ""departments"", ""localField"": ""DEPARTMENT_ID"", ""foreignField"": ""DEPARTMENT_ID"", ""as"": ""dept""}}, {""$unwind"": ""$dept""}, {""$match"": {""$expr"": {""$eq"": [""$EMPLOYEE_ID"", ""$dept.MANAGER_ID""]}}}, {""$project"": {""_id"": 0}}])"
spider-hr_1-28,hr_1,False,DISAGREE,TEXT_TYPED_NUMERIC,row count sql=88 vs mongo=100,when is the hire date for those employees whose first name does not containing the letter M?,SELECT hire_date FROM employees WHERE first_name NOT LIKE '%M%',"db.employees.find({""FIRST_NAME"": {""$not"": {""$regex"": ""M""}}}, {""_id"": 0, ""HIRE_DATE"": 1})"
spider-hr_1-29,hr_1,False,DISAGREE,TEXT_TYPED_NUMERIC,row count sql=88 vs mongo=100,"display the full name (first and last), hire date, salary, and department number for those employees whose first name does not containing the letter M.","SELECT first_name , last_name , hire_date , salary , department_id FROM employees WHERE first_name NOT LIKE '%M%'","db.employees.find({""FIRST_NAME"": {""$not"": {""$regex"": ""M""}}}, {""_id"": 0, ""FIRST_NAME"": 1, ""LAST_NAME"": 1, ""HIRE_DATE"": 1, ""SALARY"": 1, ""DEPARTMENT_ID"": 1})"
spider-hr_1-45,hr_1,True,DISAGREE,SUBQUERY,row count sql=84 vs mongo=79,display the employee number and name( first name and last name ) for all employees who work in a department with any employee whose name contains a ’T’.,"SELECT employee_id , first_name , last_name FROM employees WHERE department_id IN ( SELECT department_id FROM employees WHERE first_name LIKE '%T%' )","db.employees.aggregate([{""$lookup"": {""from"": ""employees"", ""pipeline"": [{""$match"": {""FIRST_NAME"": {""$regex"": ""T""}}}, {""$group"": {""_id"": ""$DEPARTMENT_ID""}}], ""as"": ""sub""}}, {""$addFields"": {""dept_ids"": ""$sub._id""}}, {""$match"": {""$expr"": {""$in"": [""$DEPARTMENT_ID"", ""$dept_ids""]}}}, {""$project"": {""_id"": 0, ""EMPLOYEE_ID"": 1, ""FIRST_NAME"": 1, ""LAST_NAME"": 1}}])"
spider-hr_1-51,hr_1,False,DISAGREE,UNCLASSIFIED,"same row count (12), different values","display the department ID, full name (first and last name), salary for those employees who is highest salary in every department.","SELECT first_name , last_name , salary , department_id , MAX(salary) FROM employees GROUP BY department_id","db.employees.aggregate([{""$sort"": {""SALARY"": -1}}, {""$group"": {""_id"": ""$DEPARTMENT_ID"", ""FIRST_NAME"": {""$first"": ""$FIRST_NAME""}, ""LAST_NAME"": {""$first"": ""$LAST_NAME""}, ""SALARY"": {""$first"": ""$SALARY""}}}, {""$project"": {""_id"": 0, ""DEPARTMENT_ID"": ""$_id"", ""FIRST_NAME"": 1, ""LAST_NAME"": 1, ""SALARY"": 1}}])"
spider-store_1-17,store_1,False,DISAGREE,UNCLASSIFIED,"same row count (10), different values",List the customers first and last name of 10 least expensive invoices.,"SELECT T1.first_name , T1.last_name FROM customers AS T1 JOIN invoices AS T2 ON T2.customer_id = T1.id ORDER BY total LIMIT 10;","db.customers.aggregate([{""$lookup"": {""from"": ""invoices"", ""localField"": ""id"", ""foreignField"": ""customer_id"", ""as"": ""invs""}}, {""$unwind"": ""$invs""}, {""$sort"": {""invs.total"": 1}}, {""$limit"": 10}, {""$project"": {""_id"": 0, ""first_name"": 1, ""last_name"": 1}}])"
spider-world_1-97,world_1,True,DISAGREE,AGGREGATE_OVER_TEXT,"same row count (1), different values",Give the total population and average surface area corresponding to countries in North America that have a surface area greater than 3000 .,"select sum(population) , avg(surfacearea) from country where continent = ""north america"" and surfacearea > 3000","db.country.aggregate([{""$match"": {""Continent"": ""North America"", ""SurfaceArea"": {""$gt"": 3000}}}, {""$group"": {""_id"": None, ""total_population"": {""$sum"": ""$Population""}, ""avg_surface_area"": {""$avg"": ""$SurfaceArea""}}}, {""$project"": {""_id"": 0, ""total_population"": 1, ""avg_surface_area"": 1}}])"
spider-hr_1-11,hr_1,False,DISAGREE,UNCLASSIFIED,"one side empty (sql=0 rows, mongo=2 rows)",display job ID for those jobs that were done by two or more for more than 300 days.,SELECT job_id FROM job_history WHERE end_date - start_date > 300 GROUP BY job_id HAVING COUNT(*) >= 2,"db.job_history.aggregate([{""$addFields"": {""start_dt"": {""$dateFromString"": {""dateString"": ""$START_DATE"", ""onError"": None, ""onNull"": None}}, ""end_dt"": {""$dateFromString"": {""dateString"": ""$END_DATE"", ""onError"": None, ""onNull"": None}}}}, {""$match"": {""start_dt"": {""$ne"": None}, ""end_dt"": {""$ne"": None}}}, {""$addFields"": {""days"": {""$dateDiff"": {""startDate"": ""$start_dt"", ""endDate"": ""$end_dt"", ""unit"": ""day""}}}}, {""$match"": {""days"": {""$gt"": 300}}}, {""$group"": {""_id"": ""$JOB_ID"", ""count"": {""$sum"": 1}}}, {""$match"": {""count"": {""$gte"": 2}}}, {""$project"": {""_id"": 0, ""JOB_ID"": ""$_id""}}])"
spider-chinook_1-4,chinook_1,False,DISAGREE,UNCLASSIFIED,"same row count (3), different values",Please show the employee first names and ids of employees who serve at least 10 customers.,"SELECT T1.FirstName , T1.SupportRepId FROM CUSTOMER AS T1 JOIN EMPLOYEE AS T2 ON T1.SupportRepId = T2.EmployeeId GROUP BY T1.SupportRepId HAVING COUNT(*) >= 10","db.Customer.aggregate([{""$group"": {""_id"": ""$SupportRepId"", ""customer_count"": {""$sum"": 1}}}, {""$match"": {""customer_count"": {""$gte"": 10}}}, {""$lookup"": {""from"": ""Employee"", ""localField"": ""_id"", ""foreignField"": ""EmployeeId"", ""as"": ""emp""}}, {""$unwind"": ""$emp""}, {""$project"": {""_id"": 0, ""FirstName"": ""$emp.FirstName"", ""EmployeeId"": ""$emp.EmployeeId""}}])"
spider-chinook_1-5,chinook_1,False,DISAGREE,UNCLASSIFIED,"same row count (2), different values",Please show the employee last names that serves no more than 20 customers.,SELECT T1.LastName FROM CUSTOMER AS T1 JOIN EMPLOYEE AS T2 ON T1.SupportRepId = T2.EmployeeId GROUP BY T1.SupportRepId HAVING COUNT(*) <= 20,"db.Customer.aggregate([{""$group"": {""_id"": ""$SupportRepId"", ""customer_count"": {""$sum"": 1}}}, {""$match"": {""customer_count"": {""$lte"": 20}}}, {""$lookup"": {""from"": ""Employee"", ""localField"": ""_id"", ""foreignField"": ""EmployeeId"", ""as"": ""emp""}}, {""$unwind"": ""$emp""}, {""$project"": {""_id"": 0, ""LastName"": ""$emp.LastName""}}])"
spider-car_1-108,car_1,False,DISAGREE,TEXT_TYPED_NUMERIC,"same row count (1), different values",What is the average miles per gallon of all the cards with 4 cylinders?,SELECT avg(mpg) FROM CARS_DATA WHERE Cylinders = 4;,"db.cars_data.aggregate([{""$match"": {""Cylinders"": 4, ""MPG"": {""$ne"": ""null""}}}, {""$group"": {""_id"": None, ""avg_mpg"": {""$avg"": {""$toDouble"": ""$MPG""}}}}, {""$project"": {""_id"": 0}}])"
spider-car_1-110,car_1,False,DISAGREE,TEXT_TYPED_NUMERIC,"same row count (1), different values",What is the number of cars with a horsepower greater than 150?,SELECT count(*) FROM CARS_DATA WHERE horsepower > 150;,"db.cars_data.aggregate([{""$match"": {""Horsepower"": {""$ne"": ""null""}}}, {""$addFields"": {""HorsepowerNum"": {""$toInt"": ""$Horsepower""}}}, {""$match"": {""HorsepowerNum"": {""$gt"": 150}}}, {""$count"": ""count""}])"
spider-dog_kennels-68,dog_kennels,True,DISAGREE,AGGREGATE_OVER_TEXT,row count sql=12 vs mongo=8,Which dogs have not cost their owner more than 1000 for treatment ? List the dog names .,select name from dogs where dog_id not in ( select dog_id from treatments group by dog_id having sum(cost_of_treatment) > 1000 ),"db.Dogs.aggregate([{""$lookup"": {""from"": ""Treatments"", ""localField"": ""dog_id"", ""foreignField"": ""dog_id"", ""as"": ""t""}}, {""$unwind"": {""path"": ""$t"", ""preserveNullAndEmptyArrays"": True}}, {""$group"": {""_id"": ""$dog_id"", ""name"": {""$first"": ""$name""}, ""total_cost"": {""$sum"": ""$t.cost_of_treatment""}}}, {""$match"": {""total_cost"": {""$lte"": 1000}}}, {""$project"": {""_id"": 0, ""name"": 1}}])"
spider-world_1-99,world_1,True,DISAGREE,TIE_OR_RANK,"same row count (1), different values",What is name of the country that speaks the largest number of languages?,SELECT T1.Name FROM country AS T1 JOIN countrylanguage AS T2 ON T1.Code = T2.CountryCode GROUP BY T1.Name ORDER BY COUNT(*) DESC LIMIT 1,"db.countrylanguage.aggregate([{""$group"": {""_id"": ""$CountryCode"", ""lang_count"": {""$sum"": 1}}}, {""$sort"": {""lang_count"": -1}}, {""$limit"": 1}, {""$lookup"": {""from"": ""country"", ""localField"": ""_id"", ""foreignField"": ""Code"", ""as"": ""c""}}, {""$unwind"": ""$c""}, {""$project"": {""_id"": 0, ""Name"": ""$c.Name""}}])"
spider-flight_2-41,flight_2,False,DISAGREE,UNCLASSIFIED,"one side empty (sql=0 rows, mongo=1 rows)",What is the airport code of the airport with the most flights?,SELECT T1.AirportCode FROM AIRPORTS AS T1 JOIN FLIGHTS AS T2 ON T1.AirportCode = T2.DestAirport OR T1.AirportCode = T2.SourceAirport GROUP BY T1.AirportCode ORDER BY count(*) DESC LIMIT 1,"db.airports.aggregate([{""$lookup"": {""from"": ""flights"", ""localField"": ""AirportCode"", ""foreignField"": ""DestAirport"", ""as"": ""as_dest""}}, {""$lookup"": {""from"": ""flights"", ""localField"": ""AirportCode"", ""foreignField"": ""SourceAirport"", ""as"": ""as_source""}}, {""$addFields"": {""flight_count"": {""$add"": [{""$size"": ""$as_dest""}, {""$size"": ""$as_source""}]}}}, {""$sort"": {""flight_count"": -1}}, {""$limit"": 1}, {""$project"": {""_id"": 0, ""AirportCode"": 1}}])"
spider-flight_2-42,flight_2,False,DISAGREE,UNCLASSIFIED,"one side empty (sql=0 rows, mongo=1 rows)",Give the code of the airport with the least flights.,SELECT T1.AirportCode FROM AIRPORTS AS T1 JOIN FLIGHTS AS T2 ON T1.AirportCode = T2.DestAirport OR T1.AirportCode = T2.SourceAirport GROUP BY T1.AirportCode ORDER BY count(*) LIMIT 1,"db.airports.aggregate([{""$lookup"": {""from"": ""flights"", ""localField"": ""AirportCode"", ""foreignField"": ""DestAirport"", ""as"": ""as_dest""}}, {""$lookup"": {""from"": ""flights"", ""localField"": ""AirportCode"", ""foreignField"": ""SourceAirport"", ""as"": ""as_source""}}, {""$addFields"": {""flight_count"": {""$add"": [{""$size"": ""$as_dest""}, {""$size"": ""$as_source""}]}}}, {""$sort"": {""flight_count"": 1}}, {""$limit"": 1}, {""$project"": {""_id"": 0, ""AirportCode"": 1}}])"
spider-flight_2-43,flight_2,False,DISAGREE,TIE_OR_RANK,"same row count (1), different values",What airline serves the most flights?,SELECT T1.Airline FROM AIRLINES AS T1 JOIN FLIGHTS AS T2 ON T1.uid = T2.Airline GROUP BY T1.Airline ORDER BY count(*) DESC LIMIT 1,"db.airlines.aggregate([{""$lookup"": {""from"": ""flights"", ""localField"": ""uid"", ""foreignField"": ""Airline"", ""as"": ""fl""}}, {""$match"": {""fl"": {""$ne"": []}}}, {""$addFields"": {""count"": {""$size"": ""$fl""}}}, {""$sort"": {""count"": -1}}, {""$limit"": 1}, {""$project"": {""_id"": 0, ""Airline"": 1}}])"
spider-inn_1-2,inn_1,False,DISAGREE,TIE_OR_RANK,"same row count (1), different values","Which room has the highest rate? List the room's full name, rate, check in and check out date.","SELECT T2.roomName , T1.Rate , T1.CheckIn , T1.CheckOut FROM Reservations AS T1 JOIN Rooms AS T2 ON T1.Room = T2.RoomId GROUP BY T1.Room ORDER BY T1.Rate DESC LIMIT 1;","db.Reservations.aggregate([{""$sort"": {""Rate"": -1}}, {""$limit"": 1}, {""$lookup"": {""from"": ""Rooms"", ""localField"": ""Room"", ""foreignField"": ""RoomId"", ""as"": ""r""}}, {""$unwind"": ""$r""}, {""$project"": {""_id"": 0, ""roomName"": ""$r.roomName"", ""Rate"": 1, ""CheckIn"": 1, ""CheckOut"": 1}}])"
spider-inn_1-17,inn_1,False,DISAGREE,UNCLASSIFIED,"same row count (3), different values",Find the name and id of the top 3 expensive rooms.,"SELECT RoomId , roomName FROM Rooms ORDER BY basePrice DESC LIMIT 3;","db.Rooms.aggregate([{""$sort"": {""basePrice"": -1}}, {""$limit"": 3}, {""$project"": {""_id"": 0, ""RoomId"": 1, ""roomName"": 1}}])"
spider-inn_1-22,inn_1,False,DISAGREE,UNCLASSIFIED,"one side empty (sql=0 rows, mongo=1 rows)","How many adults stay in the room CONRAD SELBIG checked in on Oct 23, 2010?","SELECT Adults FROM Reservations WHERE CheckIn = ""2010-10-23"" AND FirstName = ""CONRAD"" AND LastName = ""SELBIG"";","db.Reservations.find({""CheckIn"": ""23-OCT-10"", ""FirstName"": ""CONRAD"", ""LastName"": ""SELBIG""}, {""_id"": 0, ""Adults"": 1})"
spider-inn_1-23,inn_1,True,DISAGREE,UNCLASSIFIED,"one side empty (sql=0 rows, mongo=1 rows)","How many kids stay in the room DAMIEN TRACHSEL checked in on Sep 21, 2010?","SELECT Kids FROM Reservations WHERE CheckIn = ""2010-09-21"" AND FirstName = ""DAMIEN"" AND LastName = ""TRACHSEL"";","db.Reservations.find({""CheckIn"": ""21-SEP-10"", ""FirstName"": ""DAMIEN"", ""LastName"": ""TRACHSEL""}, {""_id"": 0, ""Kids"": 1})"
spider-csu_1-9,csu_1,False,DISAGREE,TIE_OR_RANK,"same row count (1), different values",Which campus has the most degrees conferred in all times?,SELECT campus FROM degrees GROUP BY campus ORDER BY sum(degrees) DESC LIMIT 1,"db.degrees.aggregate([{""$group"": {""_id"": ""$Campus"", ""total"": {""$sum"": ""$Degrees""}}}, {""$sort"": {""total"": -1}}, {""$limit"": 1}, {""$lookup"": {""from"": ""Campuses"", ""localField"": ""_id"", ""foreignField"": ""Id"", ""as"": ""c""}}, {""$unwind"": ""$c""}, {""$project"": {""_id"": 0, ""Campus"": ""$c.Campus""}}])"
spider-csu_1-26,csu_1,True,DISAGREE,UNCLASSIFIED,"one side empty (sql=0 rows, mongo=5 rows)",List the campus that have between 600 and 1000 faculty lines in year 2004.,SELECT T1.campus FROM campuses AS t1 JOIN faculty AS t2 ON t1.id = t2.campus WHERE t2.faculty >= 600 AND t2.faculty <= 1000 AND T1.year = 2004,"db.faculty.aggregate([{""$match"": {""Year"": 2004, ""Faculty"": {""$gte"": 600, ""$lte"": 1000}}}, {""$lookup"": {""from"": ""Campuses"", ""localField"": ""Campus"", ""foreignField"": ""Id"", ""as"": ""c""}}, {""$unwind"": ""$c""}, {""$project"": {""_id"": 0, ""Campus"": ""$c.Campus""}}])"
spider-college_3-4,college_3,False,DISAGREE,TIE_OR_RANK,"same row count (1), different values",Which building does the instructor who teaches the most number of courses live in?,SELECT T2.Building FROM COURSE AS T1 JOIN FACULTY AS T2 ON T1.Instructor = T2.FacID GROUP BY T1.Instructor ORDER BY count(*) DESC LIMIT 1,"db.Course.aggregate([{""$group"": {""_id"": ""$Instructor"", ""count"": {""$sum"": 1}}}, {""$sort"": {""count"": -1}}, {""$limit"": 1}, {""$lookup"": {""from"": ""Faculty"", ""localField"": ""_id"", ""foreignField"": ""FacID"", ""as"": ""f""}}, {""$unwind"": ""$f""}, {""$project"": {""_id"": 0, ""Building"": ""$f.Building""}}])"
spider-college_3-27,college_3,False,DISAGREE,TEXT_TYPED_NUMERIC,row count sql=17 vs mongo=15,"Find the first names of students whose first names contain letter ""a"".",SELECT DISTINCT Fname FROM STUDENT WHERE Fname LIKE '%a%',"db.Student.aggregate([{""$match"": {""Fname"": {""$regex"": ""a""}}}, {""$group"": {""_id"": ""$Fname""}}, {""$project"": {""_id"": 0, ""Fname"": ""$_id""}}])"
spider-college_3-32,college_3,True,DISAGREE_CARDINALITY,JOIN_FANOUT,"same distinct rows, sql=57 vs mongo=60",Find the names of courses that have either 3 credits or 1 credit but 4 hours.,SELECT CName FROM COURSE WHERE Credits = 3 UNION SELECT CName FROM COURSE WHERE Credits = 1 AND Hours = 4,"db.Course.find({""$or"": [{""Credits"": 3}, {""Credits"": 1, ""Hours"": ""4""}]}, {""_id"": 0, ""CName"": 1})"
spider-flight_4-5,flight_4,True,DISAGREE,TEXT_TYPED_NUMERIC,row count sql=3158 vs mongo=3172,"Find the number of routes and airport name for each source airport, order the results by decreasing number of routes.","SELECT count(*) , T1.name FROM airports AS T1 JOIN routes AS T2 ON T1.apid = T2.src_apid GROUP BY T1.name ORDER BY count(*) DESC","db.routes.aggregate([{""$group"": {""_id"": ""$src_apid"", ""count"": {""$sum"": 1}}}, {""$lookup"": {""from"": ""airports"", ""localField"": ""_id"", ""foreignField"": ""apid"", ""as"": ""a""}}, {""$unwind"": ""$a""}, {""$sort"": {""count"": -1}}, {""$project"": {""_id"": 0, ""count"": 1, ""name"": ""$a.name""}}])"
spider-flight_4-22,flight_4,True,DISAGREE,TEXT_TYPED_NUMERIC,row count sql=3158 vs mongo=3172,Find the number of routes for each source airport and the airport name.,"SELECT count(*) , T1.name FROM airports AS T1 JOIN routes AS T2 ON T1.apid = T2.src_apid GROUP BY T1.name","db.routes.aggregate([{""$group"": {""_id"": ""$src_apid"", ""count"": {""$sum"": 1}}}, {""$lookup"": {""from"": ""airports"", ""localField"": ""_id"", ""foreignField"": ""apid"", ""as"": ""a""}}, {""$unwind"": ""$a""}, {""$project"": {""_id"": 0, ""count"": 1, ""name"": ""$a.name""}}])"
spider-flight_4-31,flight_4,False,DISAGREE,UNCLASSIFIED,"same row count (1), different values",Find the number of airports whose name contain the word 'International'.,SELECT count(*) FROM airports WHERE name LIKE '%International%',"db.airports.count_documents({""name"": {""$regex"": ""International""}})"
spider-formula_1-7,formula_1,True,DISAGREE,UNCLASSIFIED,"same row count (22), different values",What are the maximum fastest lap speed in races held after 2004 grouped by race name and ordered by year?,"SELECT max(T2.fastestlapspeed) , T1.name , T1.year FROM races AS T1 JOIN results AS T2 ON T1.raceid = T2.raceid WHERE T1.year > 2014 GROUP BY T1.name ORDER BY T1.year","db.races.aggregate([{""$match"": {""year"": {""$gt"": 2014}}}, {""$lookup"": {""from"": ""results"", ""localField"": ""raceId"", ""foreignField"": ""raceId"", ""as"": ""r""}}, {""$unwind"": ""$r""}, {""$addFields"": {""speedNum"": {""$convert"": {""input"": ""$r.fastestLapSpeed"", ""to"": ""double"", ""onError"": None, ""onNull"": None}}}}, {""$match"": {""speedNum"": {""$ne"": None}}}, {""$group"": {""_id"": ""$name"", ""max_speed"": {""$max"": ""$speedNum""}, ""year"": {""$first"": ""$year""}}}, {""$sort"": {""year"": 1}}, {""$project"": {""_id"": 0, ""max_speed"": 1, ""name"": ""$_id"", ""year"": 1}}])"
spider-formula_1-8,formula_1,False,DISAGREE,AGGREGATE_OVER_TEXT,"same row count (22), different values",What are the average fastest lap speed in races held after 2004 grouped by race name and ordered by year?,"SELECT avg(T2.fastestlapspeed) , T1.name , T1.year FROM races AS T1 JOIN results AS T2 ON T1.raceid = T2.raceid WHERE T1.year > 2014 GROUP BY T1.name ORDER BY T1.year","db.races.aggregate([{""$match"": {""year"": {""$gt"": 2014}}}, {""$lookup"": {""from"": ""results"", ""localField"": ""raceId"", ""foreignField"": ""raceId"", ""as"": ""r""}}, {""$unwind"": ""$r""}, {""$addFields"": {""speedNum"": {""$convert"": {""input"": ""$r.fastestLapSpeed"", ""to"": ""double"", ""onError"": None, ""onNull"": None}}}}, {""$match"": {""speedNum"": {""$ne"": None}}}, {""$group"": {""_id"": ""$name"", ""avg_speed"": {""$avg"": ""$speedNum""}, ""year"": {""$first"": ""$year""}}}, {""$sort"": {""year"": 1}}, {""$project"": {""_id"": 0, ""avg_speed"": 1, ""name"": ""$_id"", ""year"": 1}}])"
spider-sakila_1-1,sakila_1,False,DISAGREE,TIE_OR_RANK,"same row count (1), different values","Which city has the most addresses? List the city name, number of addresses, and city id.","SELECT T2.city , count(*) , T1.city_id FROM address AS T1 JOIN city AS T2 ON T1.city_id = T2.city_id GROUP BY T1.city_id ORDER BY count(*) DESC LIMIT 1","db.address.aggregate([{""$group"": {""_id"": ""$city_id"", ""count"": {""$sum"": 1}}}, {""$sort"": {""count"": -1}}, {""$limit"": 1}, {""$lookup"": {""from"": ""city"", ""localField"": ""_id"", ""foreignField"": ""city_id"", ""as"": ""c""}}, {""$unwind"": ""$c""}, {""$project"": {""_id"": 0, ""city"": ""$c.city"", ""count"": 1, ""city_id"": ""$_id""}}])"
spider-sakila_1-7,sakila_1,True,DISAGREE,TIE_OR_RANK,"same row count (1), different values",Which film has the most copies in the inventory? List both title and id.,"SELECT T1.title , T1.film_id FROM film AS T1 JOIN inventory AS T2 ON T1.film_id = T2.film_id GROUP BY T1.film_id ORDER BY count(*) DESC LIMIT 1","db.inventory.aggregate([{""$group"": {""_id"": ""$film_id"", ""count"": {""$sum"": 1}}}, {""$sort"": {""count"": -1}}, {""$limit"": 1}, {""$lookup"": {""from"": ""film"", ""localField"": ""_id"", ""foreignField"": ""film_id"", ""as"": ""f""}}, {""$unwind"": ""$f""}, {""$project"": {""_id"": 0, ""title"": ""$f.title"", ""film_id"": ""$_id""}}])"
spider-sakila_1-8,sakila_1,False,DISAGREE,TIE_OR_RANK,"same row count (1), different values",What is the film title and inventory id of the item in the inventory which was rented most frequently?,"SELECT T1.title , T2.inventory_id FROM film AS T1 JOIN inventory AS T2 ON T1.film_id = T2.film_id JOIN rental AS T3 ON T2.inventory_id = T3.inventory_id GROUP BY T2.inventory_id ORDER BY count(*) DESC LIMIT 1","db.rental.aggregate([{""$group"": {""_id"": ""$inventory_id"", ""count"": {""$sum"": 1}}}, {""$sort"": {""count"": -1}}, {""$limit"": 1}, {""$lookup"": {""from"": ""inventory"", ""localField"": ""_id"", ""foreignField"": ""inventory_id"", ""as"": ""inv""}}, {""$unwind"": ""$inv""}, {""$lookup"": {""from"": ""film"", ""localField"": ""inv.film_id"", ""foreignField"": ""film_id"", ""as"": ""f""}}, {""$unwind"": ""$f""}, {""$project"": {""_id"": 0, ""title"": ""$f.title"", ""inventory_id"": ""$_id""}}])"
spider-sakila_1-13,sakila_1,False,DISAGREE,SET_OP,row count sql=41 vs mongo=56,Which film is rented at a fee of 0.99 and has less than 3 in the inventory? List the film title and id.,"SELECT title , film_id FROM film WHERE rental_rate = 0.99 INTERSECT SELECT T1.title , T1.film_id FROM film AS T1 JOIN inventory AS T2 ON T1.film_id = T2.film_id GROUP BY T1.film_id HAVING count(*) < 3","db.film.aggregate([{""$match"": {""rental_rate"": 0.99}}, {""$lookup"": {""from"": ""inventory"", ""localField"": ""film_id"", ""foreignField"": ""film_id"", ""as"": ""inv""}}, {""$match"": {""$expr"": {""$lt"": [{""$size"": ""$inv""}, 3]}}}, {""$project"": {""_id"": 0, ""title"": 1, ""film_id"": 1}}])"
spider-apartment_rentals-41,apartment_rentals,False,DISAGREE,UNCLASSIFIED,"same row count (15), different values","What are the apartment number, start date, and end date of each apartment booking?","SELECT T2.apt_number , T1.booking_start_date , T1.booking_start_date FROM Apartment_Bookings AS T1 JOIN Apartments AS T2 ON T1.apt_id = T2.apt_id","db.Apartment_Bookings.aggregate([{""$lookup"": {""from"": ""Apartments"", ""localField"": ""apt_id"", ""foreignField"": ""apt_id"", ""as"": ""apt""}}, {""$unwind"": ""$apt""}, {""$project"": {""_id"": 0, ""apt_number"": ""$apt.apt_number"", ""booking_start_date"": 1, ""booking_end_date"": 1}}])"
spider-apartment_rentals-42,apartment_rentals,False,DISAGREE,UNCLASSIFIED,"same row count (7), different values","Return the booking start date and end date for the apartments that have type code ""Duplex"".","SELECT T1.booking_start_date , T1.booking_start_date FROM Apartment_Bookings AS T1 JOIN Apartments AS T2 ON T1.apt_id = T2.apt_id WHERE T2.apt_type_code = ""Duplex""","db.Apartment_Bookings.aggregate([{""$lookup"": {""from"": ""Apartments"", ""localField"": ""apt_id"", ""foreignField"": ""apt_id"", ""as"": ""apt""}}, {""$unwind"": ""$apt""}, {""$match"": {""apt.apt_type_code"": ""Duplex""}}, {""$project"": {""_id"": 0, ""booking_start_date"": 1, ""booking_end_date"": 1}}])"
spider-apartment_rentals-43,apartment_rentals,False,DISAGREE,UNCLASSIFIED,"same row count (15), different values",Find the booking start date and end date for the apartments that have more than two bedrooms.,"SELECT T1.booking_start_date , T1.booking_start_date FROM Apartment_Bookings AS T1 JOIN Apartments AS T2 ON T1.apt_id = T2.apt_id WHERE T2.bedroom_count > 2","db.Apartment_Bookings.aggregate([{""$lookup"": {""from"": ""Apartments"", ""localField"": ""apt_id"", ""foreignField"": ""apt_id"", ""as"": ""apt""}}, {""$unwind"": ""$apt""}, {""$match"": {""apt.bedroom_count"": {""$gt"": 2}}}, {""$project"": {""_id"": 0, ""booking_start_date"": 1, ""booking_end_date"": 1}}])"
spider-apartment_rentals-47,apartment_rentals,False,DISAGREE,UNCLASSIFIED,"same row count (15), different values","What are the guest first name, start date, and end date of each apartment booking?","SELECT T2.guest_first_name , T1.booking_start_date , T1.booking_start_date FROM Apartment_Bookings AS T1 JOIN Guests AS T2 ON T1.guest_id = T2.guest_id","db.Apartment_Bookings.aggregate([{""$lookup"": {""from"": ""Guests"", ""localField"": ""guest_id"", ""foreignField"": ""guest_id"", ""as"": ""guest""}}, {""$unwind"": ""$guest""}, {""$project"": {""_id"": 0, ""guest_first_name"": ""$guest.guest_first_name"", ""booking_start_date"": 1, ""booking_end_date"": 1}}])"
spider-apartment_rentals-48,apartment_rentals,False,DISAGREE,UNCLASSIFIED,"same row count (9), different values","What are the start date and end date of the apartment bookings made by female guests (gender code ""Female"")?","SELECT T1.booking_start_date , T1.booking_start_date FROM Apartment_Bookings AS T1 JOIN Guests AS T2 ON T1.guest_id = T2.guest_id WHERE T2.gender_code = ""Female""","db.Apartment_Bookings.aggregate([{""$lookup"": {""from"": ""Guests"", ""localField"": ""guest_id"", ""foreignField"": ""guest_id"", ""as"": ""guest""}}, {""$unwind"": ""$guest""}, {""$match"": {""guest.gender_code"": ""Female""}}, {""$project"": {""_id"": 0, ""booking_start_date"": 1, ""booking_end_date"": 1}}])"
spider-apartment_rentals-67,apartment_rentals,False,DISAGREE,TIE_OR_RANK,"same row count (1), different values",What is the apartment number of the apartment with the most beds?,SELECT apt_number FROM Apartments ORDER BY bedroom_count DESC LIMIT 1,"db.Apartments.find({}, {""_id"": 0, ""apt_number"": 1}).sort({""bedroom_count"": -1}).limit(1)"
spider-apartment_rentals-70,apartment_rentals,False,DISAGREE,TIE_OR_RANK,"same row count (1), different values","Which apartment type has the largest number of total rooms? Return the apartment type code, its number of bathrooms and number of bedrooms.","SELECT apt_type_code , bathroom_count , bedroom_count FROM Apartments GROUP BY apt_type_code ORDER BY sum(room_count) DESC LIMIT 1","db.Apartments.aggregate([{""$addFields"": {""room_count_num"": {""$toDouble"": ""$room_count""}}}, {""$group"": {""_id"": ""$apt_type_code"", ""total_rooms"": {""$sum"": ""$room_count_num""}, ""bathroom_count"": {""$first"": ""$bathroom_count""}, ""bedroom_count"": {""$first"": ""$bedroom_count""}}}, {""$sort"": {""total_rooms"": -1}}, {""$limit"": 1}, {""$project"": {""_id"": 0, ""apt_type_code"": ""$_id"", ""bathroom_count"": 1, ""bedroom_count"": 1}}])"
spider-hr_1-62,hr_1,True,DISAGREE,TEXT_TYPED_NUMERIC,row count sql=88 vs mongo=100,"What are the full name, hire data, salary and department id for employees without the letter M in their first name, ordered by ascending department id?","SELECT first_name , last_name , hire_date , salary , department_id FROM employees WHERE first_name NOT LIKE '%M%' ORDER BY department_id","db.employees.find({""FIRST_NAME"": {""$not"": {""$regex"": ""M""}}}, {""_id"": 0, ""FIRST_NAME"": 1, ""LAST_NAME"": 1, ""HIRE_DATE"": 1, ""SALARY"": 1, ""DEPARTMENT_ID"": 1}).sort({""DEPARTMENT_ID"": 1})"
spider-hr_1-63,hr_1,False,DISAGREE,TEXT_TYPED_NUMERIC,row count sql=48 vs mongo=22,"What is all the information about employees with D or S in their first name, ordered by salary descending?",SELECT * FROM employees WHERE first_name LIKE '%D%' OR first_name LIKE '%S%' ORDER BY salary DESC,"db.employees.find({""$or"": [{""FIRST_NAME"": {""$regex"": ""D""}}, {""FIRST_NAME"": {""$regex"": ""S""}}]}, {""_id"": 0}).sort({""SALARY"": -1})"
spider-hr_1-69,hr_1,True,DISAGREE,UNCLASSIFIED,"one side empty (sql=0 rows, mongo=2 rows)",What are the job ids for jobs done more than once for a period of more than 300 days?,SELECT job_id FROM job_history WHERE end_date - start_date > 300 GROUP BY job_id HAVING COUNT(*) >= 2,"db.job_history.aggregate([{""$match"": {""JOB_ID"": {""$ne"": """"}}}, {""$addFields"": {""days"": {""$divide"": [{""$subtract"": [{""$toDate"": ""$END_DATE""}, {""$toDate"": ""$START_DATE""}]}, 86400000]}}}, {""$match"": {""days"": {""$gt"": 300}}}, {""$group"": {""_id"": ""$JOB_ID"", ""count"": {""$sum"": 1}}}, {""$match"": {""count"": {""$gte"": 2}}}, {""$project"": {""_id"": 0, ""JOB_ID"": ""$_id""}}])"
spider-hr_1-72,hr_1,False,DISAGREE,UNCLASSIFIED,"same row count (4), different values",What is all the job history info done by employees earning a salary greater than or equal to 12000?,SELECT * FROM job_history AS T1 JOIN employees AS T2 ON T1.employee_id = T2.employee_id WHERE T2.salary >= 12000,"db.job_history.aggregate([{""$lookup"": {""from"": ""employees"", ""localField"": ""EMPLOYEE_ID"", ""foreignField"": ""EMPLOYEE_ID"", ""as"": ""emp""}}, {""$unwind"": ""$emp""}, {""$match"": {""emp.SALARY"": {""$gte"": 12000}}}, {""$project"": {""_id"": 0}}])"
spider-hr_1-80,hr_1,False,DISAGREE,UNCLASSIFIED,"same row count (11), different values",What is all the information regarding employees who are managers?,SELECT DISTINCT * FROM employees AS T1 JOIN departments AS T2 ON T1.department_id = T2.department_id WHERE T1.employee_id = T2.manager_id,"db.employees.aggregate([{""$lookup"": {""from"": ""departments"", ""localField"": ""DEPARTMENT_ID"", ""foreignField"": ""DEPARTMENT_ID"", ""as"": ""dept""}}, {""$unwind"": ""$dept""}, {""$match"": {""$expr"": {""$eq"": [""$EMPLOYEE_ID"", ""$dept.MANAGER_ID""]}}}, {""$group"": {""_id"": ""$EMPLOYEE_ID"", ""doc"": {""$first"": ""$$ROOT""}}}, {""$replaceRoot"": {""newRoot"": ""$doc""}}, {""$project"": {""_id"": 0}}])"
spider-hr_1-86,hr_1,False,DISAGREE,TEXT_TYPED_NUMERIC,row count sql=88 vs mongo=100,On what dates were employees without the letter M in their first names hired?,SELECT hire_date FROM employees WHERE first_name NOT LIKE '%M%',"db.employees.find({""FIRST_NAME"": {""$not"": {""$regex"": ""M""}}}, {""_id"": 0, ""HIRE_DATE"": 1})"
spider-hr_1-87,hr_1,False,DISAGREE,TEXT_TYPED_NUMERIC,row count sql=88 vs mongo=100,"What are the full name, hire date, salary, and department id for employees without the letter M in their first name?","SELECT first_name , last_name , hire_date , salary , department_id FROM employees WHERE first_name NOT LIKE '%M%'","db.employees.find({""FIRST_NAME"": {""$not"": {""$regex"": ""M""}}}, {""_id"": 0, ""FIRST_NAME"": 1, ""LAST_NAME"": 1, ""HIRE_DATE"": 1, ""SALARY"": 1, ""DEPARTMENT_ID"": 1})"
spider-hr_1-103,hr_1,False,DISAGREE,SUBQUERY,row count sql=84 vs mongo=79,What are the ids and full names for employees who work in a department that has someone with a first name that contains the letter T?,"SELECT employee_id , first_name , last_name FROM employees WHERE department_id IN ( SELECT department_id FROM employees WHERE first_name LIKE '%T%' )","db.employees.aggregate([{""$lookup"": {""from"": ""employees"", ""pipeline"": [{""$match"": {""FIRST_NAME"": {""$regex"": ""T""}}}, {""$project"": {""_id"": 0, ""DEPARTMENT_ID"": 1}}], ""as"": ""match_dept""}}, {""$match"": {""$expr"": {""$in"": [""$DEPARTMENT_ID"", ""$match_dept.DEPARTMENT_ID""]}}}, {""$project"": {""_id"": 0, ""EMPLOYEE_ID"": 1, ""FIRST_NAME"": 1, ""LAST_NAME"": 1}}])"
spider-hr_1-109,hr_1,False,DISAGREE,TEXT_TYPED_NUMERIC,row count sql=12 vs mongo=107,"What are the department ids, full names, and salaries for employees who make the most in their departments?","SELECT first_name , last_name , salary , department_id , MAX(salary) FROM employees GROUP BY department_id","db.employees.aggregate([{""$group"": {""_id"": ""$DEPARTMENT_ID"", ""docs"": {""$push"": {""FIRST_NAME"": ""$FIRST_NAME"", ""LAST_NAME"": ""$LAST_NAME"", ""SALARY"": ""$SALARY""}}, ""max_salary"": {""$max"": ""$SALARY""}}}, {""$unwind"": ""$docs""}, {""$project"": {""_id"": 0, ""FIRST_NAME"": ""$docs.FIRST_NAME"", ""LAST_NAME"": ""$docs.LAST_NAME"", ""SALARY"": ""$docs.SALARY"", ""DEPARTMENT_ID"": ""$_id"", ""max_salary"": 1}}])"
spider-store_1-57,store_1,False,DISAGREE,UNCLASSIFIED,"same row count (10), different values",What are the top 10 customers' first and last names by total number of orders and how many orders did they make?,"SELECT T1.first_name , T1.last_name , COUNT(*) FROM customers AS T1 JOIN invoices AS T2 ON T2.customer_id = T1.id GROUP BY T1.id ORDER BY COUNT(*) DESC LIMIT 10;","db.customers.aggregate([{""$lookup"": {""from"": ""invoices"", ""localField"": ""id"", ""foreignField"": ""customer_id"", ""as"": ""inv""}}, {""$project"": {""_id"": 0, ""first_name"": 1, ""last_name"": 1, ""count"": {""$size"": ""$inv""}}}, {""$sort"": {""count"": -1}}, {""$limit"": 10}])"
spider-store_1-73,store_1,False,DISAGREE,UNCLASSIFIED,"same row count (10), different values",What are the first and last names of the customers with the 10 cheapest invoices?,"SELECT T1.first_name , T1.last_name FROM customers AS T1 JOIN invoices AS T2 ON T2.customer_id = T1.id ORDER BY total LIMIT 10;","db.customers.aggregate([{""$lookup"": {""from"": ""invoices"", ""localField"": ""id"", ""foreignField"": ""customer_id"", ""as"": ""inv""}}, {""$unwind"": ""$inv""}, {""$sort"": {""inv.total"": 1}}, {""$limit"": 10}, {""$project"": {""_id"": 0, ""first_name"": 1, ""last_name"": 1}}])"
spider-bike_1-54,bike_1,False,DISAGREE,AGGREGATE_OVER_TEXT,"same row count (5), different values","For each zip code, find the ids of all trips that have a higher average mean temperature above 60?",SELECT T1.id FROM trip AS T1 JOIN weather AS T2 ON T1.zip_code = T2.zip_code GROUP BY T2.zip_code HAVING avg(T2.mean_temperature_f) > 60,"db.weather.aggregate([{""$group"": {""_id"": ""$zip_code"", ""avg_temp"": {""$avg"": ""$mean_temperature_f""}}}, {""$match"": {""avg_temp"": {""$gt"": 60}}}, {""$lookup"": {""from"": ""trip"", ""localField"": ""_id"", ""foreignField"": ""zip_code"", ""as"": ""t""}}, {""$unwind"": ""$t""}, {""$group"": {""_id"": ""$_id"", ""id"": {""$first"": ""$t.id""}}}, {""$project"": {""_id"": 0, ""id"": 1}}])"
spider-bike_1-61,bike_1,True,DISAGREE,AGGREGATE_OVER_TEXT,"same row count (5), different values","For each zip code, what is the average mean temperature for all dates that start with '8'?","SELECT zip_code , avg(mean_temperature_f) FROM weather WHERE date LIKE ""8/%"" GROUP BY zip_code","db.weather.aggregate([{""$match"": {""date"": {""$regex"": ""^8/""}}}, {""$group"": {""_id"": ""$zip_code"", ""avg_temp"": {""$avg"": ""$mean_temperature_f""}}}, {""$project"": {""_id"": 0, ""zip_code"": ""$_id"", ""avg_temp"": 1}}])"
spider-bike_1-68,bike_1,False,DISAGREE,TIE_OR_RANK,"same row count (1), different values",What is the zip code that has the lowest average mean sea level pressure?,SELECT zip_code FROM weather GROUP BY zip_code ORDER BY avg(mean_sea_level_pressure_inches) LIMIT 1,"db.weather.aggregate([{""$group"": {""_id"": ""$zip_code"", ""avg_p"": {""$avg"": ""$mean_sea_level_pressure_inches""}}}, {""$sort"": {""avg_p"": 1}}, {""$limit"": 1}, {""$project"": {""_id"": 0, ""zip_code"": ""$_id""}}])"
spider-bike_1-71,bike_1,False,DISAGREE,UNCLASSIFIED,"same row count (5), different values","For each zip code, how many times has the maximum wind speed reached 25 mph?","SELECT zip_code , count(*) FROM weather WHERE max_wind_Speed_mph >= 25 GROUP BY zip_code","db.weather.aggregate([{""$match"": {""max_wind_Speed_mph"": {""$gte"": 25}}}, {""$group"": {""_id"": ""$zip_code"", ""count"": {""$sum"": 1}}}, {""$project"": {""_id"": 0, ""zip_code"": ""$_id"", ""count"": 1}}])"
spider-bike_1-74,bike_1,False,DISAGREE,TIE_OR_RANK,"same row count (1), different values",What is the id of the trip that started from the station with the highest dock count?,SELECT T1.id FROM trip AS T1 JOIN station AS T2 ON T1.start_station_id = T2.id ORDER BY T2.dock_count DESC LIMIT 1,"db.trip.aggregate([{""$lookup"": {""from"": ""station"", ""localField"": ""start_station_id"", ""foreignField"": ""id"", ""as"": ""st""}}, {""$unwind"": ""$st""}, {""$sort"": {""st.dock_count"": -1}}, {""$limit"": 1}, {""$project"": {""_id"": 0, ""id"": 1}}])"
spider-bike_1-76,bike_1,True,DISAGREE,TEXT_TYPED_NUMERIC,row count sql=179 vs mongo=175,What are the dates with a maximum temperature higher than 85?,SELECT date FROM weather WHERE max_temperature_f > 85,"db.weather.find({""max_temperature_f"": {""$gt"": 85}}, {""_id"": 0, ""date"": 1})"
spider-bike_1-83,bike_1,False,DISAGREE,UNCLASSIFIED,"same row count (1), different values",What is the number of days that had an average humity above 50 and an average visibility above 8?,SELECT COUNT(*) FROM weather WHERE mean_humidity > 50 AND mean_visibility_miles > 8,"db.weather.count_documents({""mean_humidity"": {""$gt"": 50}, ""mean_visibility_miles"": {""$gt"": 8}})"
spider-bike_1-84,bike_1,False,DISAGREE,TEXT_TYPED_NUMERIC,row count sql=502 vs mongo=498,What zip codes have a station with a max temperature greater than or equal to 80 and when did it reach that temperature?,"SELECT date , zip_code FROM weather WHERE max_temperature_f >= 80","db.weather.find({""max_temperature_f"": {""$gte"": 80}}, {""_id"": 0, ""date"": 1, ""zip_code"": 1})"
spider-bike_1-90,bike_1,False,DISAGREE,UNCLASSIFIED,"same row count (3), different values","What is the date, average temperature and mean humidity for the days with the 3 largest maximum gust speeds?","SELECT date , mean_temperature_f , mean_humidity FROM weather ORDER BY max_gust_speed_mph DESC LIMIT 3","db.weather.find({}, {""_id"": 0, ""date"": 1, ""mean_temperature_f"": 1, ""mean_humidity"": 1}).sort({""max_gust_speed_mph"": -1}).limit(3)"
spider-bike_1-95,bike_1,False,DISAGREE,UNCLASSIFIED,"same row count (5), different values",What are the dates that have the 5 highest cloud cover rates and what are the rates?,"SELECT date , cloud_cover FROM weather ORDER BY cloud_cover DESC LIMIT 5","db.weather.find({}, {""_id"": 0, ""date"": 1, ""cloud_cover"": 1}).sort({""cloud_cover"": -1}).limit(5)"
spider-bike_1-99,bike_1,True,DISAGREE,SET_OP,row count sql=3 vs mongo=5,What are all the different zip codes that have a maximum dew point that was always below 70?,SELECT DISTINCT zip_code FROM weather EXCEPT SELECT DISTINCT zip_code FROM weather WHERE max_dew_point_f >= 70,"db.weather.aggregate([{""$match"": {""max_dew_point_f"": {""$type"": ""number""}}}, {""$group"": {""_id"": ""$zip_code"", ""max_dp"": {""$max"": ""$max_dew_point_f""}}}, {""$match"": {""max_dp"": {""$lt"": 70}}}, {""$project"": {""_id"": 0, ""zip_code"": ""$_id""}}])"
spider-college_1-89,college_1,False,DISAGREE,TIE_OR_RANK,"same row count (1), different values",What is the name of the department with the fewest professors?,SELECT T2.dept_name FROM professor AS T1 JOIN department AS T2 ON T1.dept_code = T2.dept_code GROUP BY T1.dept_code ORDER BY count(*) LIMIT 1,"db.PROFESSOR.aggregate([{""$group"": {""_id"": ""$DEPT_CODE"", ""count"": {""$sum"": 1}}}, {""$sort"": {""count"": 1}}, {""$limit"": 1}, {""$lookup"": {""from"": ""DEPARTMENT"", ""localField"": ""_id"", ""foreignField"": ""DEPT_CODE"", ""as"": ""d""}}, {""$unwind"": ""$d""}, {""$project"": {""_id"": 0, ""DEPT_NAME"": ""$d.DEPT_NAME""}}])"
spider-college_1-90,college_1,False,DISAGREE,TIE_OR_RANK,"same row count (1), different values",Which department has the most professors with a Ph.D.?,"SELECT T2.dept_name , T1.dept_code FROM professor AS T1 JOIN department AS T2 ON T1.dept_code = T2.dept_code WHERE T1.prof_high_degree = 'Ph.D.' GROUP BY T1.dept_code ORDER BY count(*) DESC LIMIT 1","db.PROFESSOR.aggregate([{""$match"": {""PROF_HIGH_DEGREE"": ""Ph.D.""}}, {""$group"": {""_id"": ""$DEPT_CODE"", ""count"": {""$sum"": 1}}}, {""$sort"": {""count"": -1}}, {""$limit"": 1}, {""$lookup"": {""from"": ""DEPARTMENT"", ""localField"": ""_id"", ""foreignField"": ""DEPT_CODE"", ""as"": ""d""}}, {""$unwind"": ""$d""}, {""$project"": {""_id"": 0, ""DEPT_NAME"": ""$d.DEPT_NAME"", ""DEPT_CODE"": ""$_id""}}])"
spider-college_1-95,college_1,True,DISAGREE,TEXT_TYPED_NUMERIC,row count sql=3 vs mongo=2,"What is the name, address, and number of students in the departments that have the 3 most students?","SELECT T2.dept_name , T2.dept_address , count(*) FROM student AS T1 JOIN department AS T2 ON T1.dept_code = T2.dept_code GROUP BY T1.dept_code ORDER BY count(*) DESC LIMIT 3","db.STUDENT.aggregate([{""$group"": {""_id"": ""$DEPT_CODE"", ""count"": {""$sum"": 1}}}, {""$sort"": {""count"": -1}}, {""$limit"": 3}, {""$lookup"": {""from"": ""DEPARTMENT"", ""localField"": ""_id"", ""foreignField"": ""DEPT_CODE"", ""as"": ""d""}}, {""$unwind"": ""$d""}, {""$project"": {""_id"": 0, ""DEPT_NAME"": ""$d.DEPT_NAME"", ""DEPT_ADDRESS"": ""$d.DEPT_ADDRESS"", ""count"": 1}}])"
spider-college_1-131,college_1,False,DISAGREE,SET_OP,row count sql=14 vs mongo=16,What are the first names of all professors not teaching any classes?,SELECT emp_fname FROM employee WHERE emp_jobcode = 'PROF' EXCEPT SELECT T1.emp_fname FROM employee AS T1 JOIN CLASS AS T2 ON T1.emp_num = T2.prof_num,"db.EMPLOYEE.aggregate([{""$match"": {""EMP_JOBCODE"": ""PROF""}}, {""$lookup"": {""from"": ""CLASS"", ""localField"": ""EMP_NUM"", ""foreignField"": ""PROF_NUM"", ""as"": ""cl""}}, {""$match"": {""cl"": {""$eq"": []}}}, {""$project"": {""_id"": 0, ""EMP_FNAME"": 1}}])"
spider-college_1-136,college_1,True,DISAGREE,TEXT_TYPED_NUMERIC,row count sql=1 vs mongo=4,What are the different locations of the school with the code BUS?,SELECT count(DISTINCT dept_address) FROM department WHERE school_code = 'BUS',"db.DEPARTMENT.distinct(""DEPT_ADDRESS"", {""SCHOOL_CODE"": ""BUS""})"
spider-college_2-92,college_2,False,DISAGREE,TIE_OR_RANK,"same row count (1), different values",What is the name of the instructor who advises the student with the greatest number of total credits?,SELECT T2.name FROM advisor AS T1 JOIN instructor AS T2 ON T1.i_id = T2.id JOIN student AS T3 ON T1.s_id = T3.id ORDER BY T3.tot_cred DESC LIMIT 1,"db.advisor.aggregate([{""$lookup"": {""from"": ""instructor"", ""localField"": ""i_ID"", ""foreignField"": ""ID"", ""as"": ""i""}}, {""$unwind"": ""$i""}, {""$lookup"": {""from"": ""student"", ""localField"": ""s_ID"", ""foreignField"": ""ID"", ""as"": ""s""}}, {""$unwind"": ""$s""}, {""$sort"": {""s.tot_cred"": -1}}, {""$limit"": 1}, {""$project"": {""_id"": 0, ""name"": ""$i.name""}}])"
spider-college_2-94,college_2,False,DISAGREE,TEXT_TYPED_NUMERIC,row count sql=17 vs mongo=20,How many students and instructors are in each department?,"SELECT count(DISTINCT T2.id) , count(DISTINCT T3.id) , T3.dept_name FROM department AS T1 JOIN student AS T2 ON T1.dept_name = T2.dept_name JOIN instructor AS T3 ON T1.dept_name = T3.dept_name GROUP BY T3.dept_name","db.department.aggregate([{""$lookup"": {""from"": ""student"", ""localField"": ""dept_name"", ""foreignField"": ""dept_name"", ""as"": ""s""}}, {""$lookup"": {""from"": ""instructor"", ""localField"": ""dept_name"", ""foreignField"": ""dept_name"", ""as"": ""i""}}, {""$project"": {""_id"": 0, ""student_count"": {""$size"": ""$s""}, ""instructor_count"": {""$size"": ""$i""}, ""dept_name"": 1}}])"
spider-college_2-104,college_2,True,DISAGREE_CARDINALITY,JOIN_FANOUT,"same distinct rows, sql=4 vs mongo=5",What are the titles of courses that are in the Statistics department but not the Psychology department?,SELECT title FROM course WHERE dept_name = 'Statistics' EXCEPT SELECT title FROM course WHERE dept_name = 'Psychology',"db.course.aggregate([{""$match"": {""dept_name"": ""Statistics""}}, {""$lookup"": {""from"": ""course"", ""localField"": ""title"", ""foreignField"": ""title"", ""as"": ""c2""}}, {""$match"": {""$expr"": {""$not"": {""$in"": [""Psychology"", ""$c2.dept_name""]}}}}, {""$project"": {""_id"": 0, ""title"": 1}}])"
spider-college_2-106,college_2,True,DISAGREE_CARDINALITY,JOIN_FANOUT,"same distinct rows, sql=1524 vs mongo=1925",What are the names of the students who took classes in 2009 or 2010?,SELECT DISTINCT T1.name FROM student AS T1 JOIN takes AS T2 ON T1.id = T2.id WHERE YEAR = 2009 OR YEAR = 2010,"db.takes.aggregate([{""$match"": {""$or"": [{""year"": 2009}, {""year"": 2010}]}}, {""$group"": {""_id"": ""$ID""}}, {""$lookup"": {""from"": ""student"", ""localField"": ""_id"", ""foreignField"": ""ID"", ""as"": ""s""}}, {""$unwind"": ""$s""}, {""$project"": {""_id"": 0, ""name"": ""$s.name""}}])"
spider-college_2-121,college_2,True,DISAGREE,TIE_OR_RANK,"same row count (1), different values",What is the year and semester with the most courses?,"SELECT semester , YEAR FROM SECTION GROUP BY semester , YEAR ORDER BY count(*) DESC LIMIT 1","db.section.aggregate([{""$group"": {""_id"": {""semester"": ""$semester"", ""year"": ""$year""}, ""count"": {""$sum"": 1}}}, {""$sort"": {""count"": -1}}, {""$limit"": 1}, {""$project"": {""_id"": 0, ""semester"": ""$_id.semester"", ""year"": ""$_id.year""}}])"
spider-college_2-154,college_2,True,DISAGREE,TIE_OR_RANK,"same row count (1), different values","How many instructors are in the department with the highest budget, and what is their average salary?","SELECT avg(T1.salary) , count(*) FROM instructor AS T1 JOIN department AS T2 ON T1.dept_name = T2.dept_name ORDER BY T2.budget DESC LIMIT 1","db.department.aggregate([{""$sort"": {""budget"": -1}}, {""$limit"": 1}, {""$lookup"": {""from"": ""instructor"", ""localField"": ""dept_name"", ""foreignField"": ""dept_name"", ""as"": ""i""}}, {""$unwind"": ""$i""}, {""$group"": {""_id"": None, ""avg_salary"": {""$avg"": ""$i.salary""}, ""count"": {""$sum"": 1}}}, {""$project"": {""_id"": 0, ""avg_salary"": 1, ""count"": 1}}])"
spider-baseball_1-3,baseball_1,False,DISAGREE,TIE_OR_RANK,"same row count (1), different values","In 2014, what are the id and rank of the team that has the largest average number of attendance?","SELECT T2.team_id , T2.rank FROM home_game AS T1 JOIN team AS T2 ON T1.team_id = T2.team_id WHERE T1.year = 2014 GROUP BY T1.team_id ORDER BY avg(T1.attendance) DESC LIMIT 1;","db.home_game.aggregate([{""$match"": {""year"": 2014}}, {""$group"": {""_id"": ""$team_id"", ""avg_att"": {""$avg"": ""$attendance""}}}, {""$sort"": {""avg_att"": -1}}, {""$limit"": 1}, {""$lookup"": {""from"": ""team"", ""localField"": ""_id"", ""foreignField"": ""team_id"", ""as"": ""t""}}, {""$unwind"": ""$t""}, {""$limit"": 1}, {""$project"": {""_id"": 0, ""team_id"": ""$_id"", ""rank"": ""$t.rank""}}])"
spider-baseball_1-7,baseball_1,False,DISAGREE,TIE_OR_RANK,"same row count (1), different values",What are the name and id of the team with the most victories in 2008 postseason?,"SELECT T2.name , T1.team_id_winner FROM postseason AS T1 JOIN team AS T2 ON T1.team_id_winner = T2.team_id_br WHERE T1.year = 2008 GROUP BY T1.team_id_winner ORDER BY count(*) DESC LIMIT 1;","db.postseason.aggregate([{""$match"": {""year"": 2008}}, {""$group"": {""_id"": ""$team_id_winner"", ""count"": {""$sum"": 1}}}, {""$sort"": {""count"": -1}}, {""$limit"": 1}, {""$lookup"": {""from"": ""team"", ""localField"": ""_id"", ""foreignField"": ""team_id_br"", ""as"": ""t""}}, {""$addFields"": {""name"": {""$arrayElemAt"": [""$t.name"", 0]}}}, {""$project"": {""_id"": 0, ""name"": 1, ""team_id_winner"": ""$_id""}}])"
spider-baseball_1-13,baseball_1,False,DISAGREE,UNCLASSIFIED,"same row count (3), different values",List three countries which are the origins of the least players.,SELECT birth_country FROM player GROUP BY birth_country ORDER BY count(*) ASC LIMIT 3;,"db.player.aggregate([{""$group"": {""_id"": ""$birth_country"", ""count"": {""$sum"": 1}}}, {""$sort"": {""count"": 1}}, {""$limit"": 3}, {""$project"": {""_id"": 0, ""birth_country"": ""$_id""}}])"
spider-baseball_1-14,baseball_1,True,DISAGREE,AGGREGATE_OVER_TEXT,"same row count (1), different values",What is the average height of the players from the college named 'Yale University'?,SELECT avg(T1.height) FROM player AS T1 JOIN player_college AS T2 ON T1.player_id = T2.player_id JOIN college AS T3 ON T3.college_id = T2.college_id WHERE T3.name_full = 'Yale University';,"db.player.aggregate([{""$lookup"": {""from"": ""player_college"", ""localField"": ""player_id"", ""foreignField"": ""player_id"", ""as"": ""pc""}}, {""$unwind"": ""$pc""}, {""$lookup"": {""from"": ""college"", ""localField"": ""pc.college_id"", ""foreignField"": ""college_id"", ""as"": ""c""}}, {""$unwind"": ""$c""}, {""$match"": {""c.name_full"": ""Yale University""}}, {""$group"": {""_id"": None, ""avg_height"": {""$avg"": ""$height""}}}, {""$project"": {""_id"": 0, ""avg_height"": 1}}])"
spider-baseball_1-26,baseball_1,True,DISAGREE,TEXT_TYPED_NUMERIC,row count sql=16049 vs mongo=15297,List players' first name and last name who have weight greater than 220 or height shorter than 75.,"SELECT name_first , name_last FROM player WHERE weight > 220 OR height < 75","db.player.find({""$or"": [{""weight"": {""$gt"": 220}}, {""height"": {""$lt"": 75}}]}, {""_id"": 0, ""name_first"": 1, ""name_last"": 1})"
spider-baseball_1-27,baseball_1,False,DISAGREE,SET_OP,"same row count (1), different values",What is the total number of postseason games that team Boston Red Stockings participated in?,SELECT count(*) FROM ( SELECT * FROM postseason AS T1 JOIN team AS T2 ON T1.team_id_winner = T2.team_id_br WHERE T2.name = 'Boston Red Stockings' UNION SELECT * FROM postseason AS T1 JOIN team AS T2 ON T1.team_id_loser = T2.team_id_br WHERE T2.name = 'Boston Red Stockings' );,"db.postseason.aggregate([{""$lookup"": {""from"": ""team"", ""localField"": ""team_id_winner"", ""foreignField"": ""team_id_br"", ""as"": ""tw""}}, {""$lookup"": {""from"": ""team"", ""localField"": ""team_id_loser"", ""foreignField"": ""team_id_br"", ""as"": ""tl""}}, {""$match"": {""$or"": [{""tw.name"": ""Boston Red Stockings""}, {""tl.name"": ""Boston Red Stockings""}]}}, {""$count"": ""count""}])"
spider-baseball_1-32,baseball_1,False,DISAGREE,TIE_OR_RANK,"same row count (1), different values",In which year did the least people enter hall of fame?,SELECT yearid FROM hall_of_fame GROUP BY yearid ORDER BY count(*) ASC LIMIT 1;,"db.hall_of_fame.aggregate([{""$group"": {""_id"": ""$yearid"", ""count"": {""$sum"": 1}}}, {""$sort"": {""count"": 1}}, {""$limit"": 1}, {""$project"": {""_id"": 0, ""yearid"": ""$_id""}}])"
spider-wta_1-20,wta_1,False,DISAGREE,AGGREGATE_OVER_TEXT,row count sql=1580 vs mongo=2775,Find the average ranking for each player and their first name.,"SELECT avg(ranking) , T1.first_name FROM players AS T1 JOIN rankings AS T2 ON T1.player_id = T2.player_id GROUP BY T1.first_name","db.rankings.aggregate([{""$group"": {""_id"": ""$player_id"", ""avg_ranking"": {""$avg"": ""$ranking""}}}, {""$lookup"": {""from"": ""players"", ""localField"": ""_id"", ""foreignField"": ""player_id"", ""as"": ""p""}}, {""$unwind"": ""$p""}, {""$project"": {""_id"": 0, ""avg_ranking"": 1, ""first_name"": ""$p.first_name""}}])"
spider-wta_1-21,wta_1,False,DISAGREE,AGGREGATE_OVER_TEXT,row count sql=1580 vs mongo=2775,Find the total ranking points for each player and their first name.,"SELECT sum(ranking_points) , T1.first_name FROM players AS T1 JOIN rankings AS T2 ON T1.player_id = T2.player_id GROUP BY T1.first_name","db.rankings.aggregate([{""$group"": {""_id"": ""$player_id"", ""total_ranking_points"": {""$sum"": ""$ranking_points""}}}, {""$lookup"": {""from"": ""players"", ""localField"": ""_id"", ""foreignField"": ""player_id"", ""as"": ""p""}}, {""$unwind"": ""$p""}, {""$project"": {""_id"": 0, ""total_ranking_points"": 1, ""first_name"": ""$p.first_name""}}])"
